Protocol,Flow Duration,Tot Fwd Pkts,Tot Bwd Pkts,TotLen Fwd Pkts,TotLen Bwd Pkts,Fwd Pkt Len Max,Fwd Pkt Len Min,Fwd Pkt Len Mean,Fwd Pkt Len Std,Bwd Pkt Len Max,Bwd Pkt Len Min,Bwd Pkt Len Mean,Bwd Pkt Len Std,Flow Byts/s,Flow Pkts/s,Flow IAT Mean,Flow IAT Std,Flow IAT Max,Flow IAT Min,Fwd IAT Tot,Fwd IAT Mean,Fwd IAT Std,Fwd IAT Max,Fwd IAT Min,Bwd IAT Tot,Bwd IAT Mean,Bwd IAT Std,Bwd IAT Max,Bwd IAT Min,Fwd Header Len,Bwd Header Len,Fwd Pkts/s,Bwd Pkts/s,Pkt Len Min,Pkt Len Max,Pkt Len Mean,Pkt Len Std,Pkt Len Var,Pkt Size Avg,Active Mean,Active Std,Active Max,Active Min,Idle Mean,Idle Std,Idle Max,Idle Min
6,9556,4,4,30.0,30.0,30,0,7.5,15.0,30,0,7.5,15.0,6278.777731,837.1703642,1365.142857,1447.714225,4022.0,13.0,5511.0,1837.0,1441.824885,3380.0,524.0,5588.0,1862.666667,2386.259067,4559.0,23.0,128,144,418.5851821,418.5851821,0,30,6.666666667,13.22875656,175.0,7.5,0.0,0.0,0.0,0.0,0.0,0.0,0.0,0.0
6,8782,4,4,30.0,30.0,30,0,7.5,15.0,30,0,7.5,15.0,6832.156684,910.9542246,1254.571429,1607.096435,4049.0,8.0,4725.0,1575.0,2277.04216,4204.0,226.0,5618.0,1872.666667,2191.816674,4287.0,8.0,128,144,455.4771123,455.4771123,0,30,6.666666667,13.22875656,175.0,7.5,0.0,0.0,0.0,0.0,0.0,0.0,0.0,0.0
6,4047,2,2,0.0,0.0,0,0,0.0,0.0,0,0,0.0,0.0,0.0,988.3864591,1349.0,1835.406222,3443.0,19.0,585.0,585.0,0.0,585.0,585.0,19.0,19.0,0.0,19.0,19.0,64,80,494.1932296,494.1932296,0,0,0.0,0.0,0.0,0.0,0.0,0.0,0.0,0.0,0.0,0.0,0.0,0.0
6,9383,4,4,30.0,30.0,30,0,7.5,15.0,30,0,7.5,15.0,6394.543323,852.6057764,1340.428571,1883.208862,4141.0,1.0,5234.0,1744.666667,2875.003014,5063.0,1.0,5458.0,1819.333333,2235.697952,4318.0,8.0,128,144,426.3028882,426.3028882,0,30,6.666666667,13.22875656,175.0,7.5,0.0,0.0,0.0,0.0,0.0,0.0,0.0,0.0
6,9436,4,4,30.0,30.0,30,0,7.5,15.0,30,0,7.5,15.0,6358.626537,847.8168716,1348.0,1623.399725,3706.0,12.0,5717.0,1905.666667,2764.904037,5094.0,168.0,5532.0,1844.0,1945.102311,3886.0,13.0,128,144,423.9084358,423.9084358,0,30,6.666666667,13.22875656,175.0,7.5,0.0,0.0,0.0,0.0,0.0,0.0,0.0,0.0
6,3819,2,2,0.0,0.0,0,0,0.0,0.0,0,0,0.0,0.0,0.0,1047.394606,1273.0,1859.562314,3409.0,15.0,395.0,395.0,0.0,395.0,395.0,15.0,15.0,0.0,15.0,15.0,64,80,523.697303,523.697303,0,0,0.0,0.0,0.0,0.0,0.0,0.0,0.0,0.0,0.0,0.0,0.0,0.0
6,8019,4,4,30.0,30.0,30,0,7.5,15.0,30,0,7.5,15.0,7482.229704,997.6306273,1145.571429,1398.499059,3674.0,7.0,4336.0,1445.333333,1750.80591,3434.0,136.0,4852.0,1617.333333,1971.667399,3817.0,9.0,128,144,498.8153136,498.8153136,0,30,6.666666667,13.22875656,175.0,7.5,0.0,0.0,0.0,0.0,0.0,0.0,0.0,0.0
6,9020,4,4,30.0,30.0,30,0,7.5,15.0,30,0,7.5,15.0,6651.884701,886.9179601,1288.571429,1609.664857,3838.0,6.0,5170.0,1723.333333,2275.393885,4320.0,78.0,4966.0,1655.333333,2028.160086,3922.0,12.0,128,144,443.45898,443.45898,0,30,6.666666667,13.22875656,175.0,7.5,0.0,0.0,0.0,0.0,0.0,0.0,0.0,0.0
6,4372,2,2,0.0,0.0,0,0,0.0,0.0,0,0,0.0,0.0,0.0,914.9130833,1457.333333,1973.319369,3708.0,24.0,640.0,640.0,0.0,640.0,640.0,24.0,24.0,0.0,24.0,24.0,64,80,457.4565416,457.4565416,0,0,0.0,0.0,0.0,0.0,0.0,0.0,0.0,0.0,0.0,0.0,0.0,0.0
6,10376,4,4,30.0,30.0,30,0,7.5,15.0,30,0,7.5,15.0,5782.575173,771.0100231,1482.285714,1425.006048,3870.0,7.0,7633.0,2544.333333,2518.978431,5416.0,708.0,5798.0,1932.666667,2159.202708,4267.0,7.0,128,144,385.5050116,385.5050116,0,30,6.666666667,13.22875656,175.0,7.5,0.0,0.0,0.0,0.0,0.0,0.0,0.0,0.0
6,6919,4,4,30.0,30.0,30,0,7.5,15.0,30,0,7.5,15.0,8671.773378,1156.23645,988.4285714,1101.532093,2641.0,10.0,4552.0,1517.333333,1904.947331,3693.0,149.0,4129.0,1376.333333,1555.681951,3072.0,15.0,128,144,578.1182252,578.1182252,0,30,6.666666667,13.22875656,175.0,7.5,0.0,0.0,0.0,0.0,0.0,0.0,0.0,0.0
6,2950,2,2,0.0,0.0,0,0,0.0,0.0,0,0,0.0,0.0,0.0,1355.932203,983.3333333,1599.865411,2830.0,16.0,104.0,104.0,0.0,104.0,104.0,16.0,16.0,0.0,16.0,16.0,64,80,677.9661017,677.9661017,0,0,0.0,0.0,0.0,0.0,0.0,0.0,0.0,0.0,0.0,0.0,0.0,0.0
6,7089,4,4,30.0,30.0,30,0,7.5,15.0,30,0,7.5,15.0,8463.817182,1128.508958,1012.714286,1090.562197,2645.0,6.0,4659.0,1553.0,1787.139894,3616.0,478.0,3966.0,1322.0,1538.846321,3014.0,6.0,128,144,564.2544788,564.2544788,0,30,6.666666667,13.22875656,175.0,7.5,0.0,0.0,0.0,0.0,0.0,0.0,0.0,0.0
6,6747,4,4,30.0,30.0,30,0,7.5,15.0,30,0,7.5,15.0,8892.841263,1185.712168,963.8571429,1032.280231,2676.0,7.0,4064.0,1354.666667,1492.846386,3075.0,400.0,4108.0,1369.333333,1571.104813,3088.0,7.0,128,144,592.8560842,592.8560842,0,30,6.666666667,13.22875656,175.0,7.5,0.0,0.0,0.0,0.0,0.0,0.0,0.0,0.0
6,2134,2,2,0.0,0.0,0,0,0.0,0.0,0,0,0.0,0.0,0.0,1874.414246,711.3333333,1035.075038,1901.0,17.0,216.0,216.0,0.0,216.0,216.0,17.0,17.0,0.0,17.0,17.0,64,80,937.2071228,937.2071228,0,0,0.0,0.0,0.0,0.0,0.0,0.0,0.0,0.0,0.0,0.0,0.0,0.0
6,13133,4,4,30.0,30.0,30,0,7.5,15.0,30,0,7.5,15.0,4568.643874,609.1525166,1876.142857,2525.654795,7184.0,6.0,11078.0,3692.666667,3365.492584,7184.0,469.0,3506.0,1168.666667,1281.676376,2543.0,6.0,128,144,304.5762583,304.5762583,0,30,6.666666667,13.22875656,175.0,7.5,0.0,0.0,0.0,0.0,0.0,0.0,0.0,0.0
6,8851,4,4,30.0,30.0,30,0,7.5,15.0,30,0,7.5,15.0,6778.89504,903.852672,1264.428571,1428.535014,3605.0,8.0,5237.0,1745.666667,2075.307768,4119.0,272.0,5749.0,1916.333333,2292.021233,4459.0,9.0,128,144,451.926336,451.926336,0,30,6.666666667,13.22875656,175.0,7.5,0.0,0.0,0.0,0.0,0.0,0.0,0.0,0.0
6,4138,2,2,0.0,0.0,0,0,0.0,0.0,0,0,0.0,0.0,0.0,966.6505558,1379.333333,2326.769936,4066.0,21.0,51.0,51.0,0.0,51.0,51.0,21.0,21.0,0.0,21.0,21.0,64,80,483.3252779,483.3252779,0,0,0.0,0.0,0.0,0.0,0.0,0.0,0.0,0.0,0.0,0.0,0.0,0.0
6,10654,4,4,30.0,30.0,30,0,7.5,15.0,30,0,7.5,15.0,5631.687629,750.8916839,1522.0,1542.533846,3914.0,9.0,6729.0,2243.0,1814.82754,3796.0,248.0,5471.0,1823.666667,2130.915609,4171.0,11.0,128,144,375.4458419,375.4458419,0,30,6.666666667,13.22875656,175.0,7.5,0.0,0.0,0.0,0.0,0.0,0.0,0.0,0.0
6,11684,4,4,30.0,30.0,30,0,7.5,15.0,30,0,7.5,15.0,5135.227662,684.6970216,1669.142857,2066.703045,5858.0,10.0,5810.0,1936.666667,2013.392742,4211.0,382.0,8776.0,2925.333333,3696.645822,7085.0,16.0,128,144,342.3485108,342.3485108,0,30,6.666666667,13.22875656,175.0,7.5,0.0,0.0,0.0,0.0,0.0,0.0,0.0,0.0
6,3370,2,2,0.0,0.0,0,0,0.0,0.0,0,0,0.0,0.0,0.0,1186.94362,1123.333333,1790.388319,3189.0,18.0,163.0,163.0,0.0,163.0,163.0,18.0,18.0,0.0,18.0,18.0,64,80,593.4718101,593.4718101,0,0,0.0,0.0,0.0,0.0,0.0,0.0,0.0,0.0,0.0,0.0,0.0,0.0
6,7160,4,4,30.0,30.0,30,0,7.5,15.0,30,0,7.5,15.0,8379.888268,1117.318436,1022.857143,1240.455485,3174.0,7.0,3970.0,1323.333333,1790.388319,3389.0,218.0,4566.0,1522.0,1721.744174,3399.0,16.0,128,144,558.6592179,558.6592179,0,30,6.666666667,13.22875656,175.0,7.5,0.0,0.0,0.0,0.0,0.0,0.0,0.0,0.0
6,6754,4,4,30.0,30.0,30,0,7.5,15.0,30,0,7.5,15.0,8883.624519,1184.483269,964.8571429,1103.352381,2703.0,6.0,4043.0,1347.666667,1740.973961,3328.0,58.0,3906.0,1302.0,1387.426034,2767.0,8.0,128,144,592.2416346,592.2416346,0,30,6.666666667,13.22875656,175.0,7.5,0.0,0.0,0.0,0.0,0.0,0.0,0.0,0.0
6,3281,2,2,0.0,0.0,0,0,0.0,0.0,0,0,0.0,0.0,0.0,1219.140506,1093.666667,1791.757331,3162.0,16.0,103.0,103.0,0.0,103.0,103.0,16.0,16.0,0.0,16.0,16.0,64,80,609.570253,609.570253,0,0,0.0,0.0,0.0,0.0,0.0,0.0,0.0,0.0,0.0,0.0,0.0,0.0
6,7026,4,4,30.0,30.0,30,0,7.5,15.0,30,0,7.5,15.0,8539.70965,1138.627953,1003.714286,1221.029581,2877.0,8.0,4515.0,1505.0,2198.174015,4042.0,168.0,3844.0,1281.333333,1340.970668,2681.0,8.0,128,144,569.3139767,569.3139767,0,30,6.666666667,13.22875656,175.0,7.5,0.0,0.0,0.0,0.0,0.0,0.0,0.0,0.0
6,9711,4,4,30.0,30.0,30,0,7.5,15.0,30,0,7.5,15.0,6178.560395,823.8080527,1387.285714,1878.07807,5208.0,9.0,4492.0,1497.333333,1831.267685,3600.0,252.0,6732.0,2244.0,2861.02936,5469.0,11.0,128,144,411.9040264,411.9040264,0,30,6.666666667,13.22875656,175.0,7.5,0.0,0.0,0.0,0.0,0.0,0.0,0.0,0.0
6,3377,2,2,0.0,0.0,0,0,0.0,0.0,0,0,0.0,0.0,0.0,1184.483269,1125.666667,1611.430834,2975.0,23.0,379.0,379.0,0.0,379.0,379.0,23.0,23.0,0.0,23.0,23.0,64,80,592.2416346,592.2416346,0,0,0.0,0.0,0.0,0.0,0.0,0.0,0.0,0.0,0.0,0.0,0.0,0.0
6,16358,4,4,30.0,30.0,30,0,7.5,15.0,30,0,7.5,15.0,3667.930065,489.057342,2336.857143,3517.928104,9709.0,10.0,12386.0,4128.666667,5805.378225,10828.0,575.0,5666.0,1888.666667,2365.896518,4546.0,11.0,128,144,244.528671,244.528671,0,30,6.666666667,13.22875656,175.0,7.5,0.0,0.0,0.0,0.0,0.0,0.0,0.0,0.0
6,12271,4,4,30.0,30.0,30,0,7.5,15.0,30,0,7.5,15.0,4889.577052,651.9436069,1753.0,2242.517484,5514.0,10.0,7954.0,2651.333333,3720.644344,6929.0,167.0,6590.0,2196.666667,2674.075043,5178.0,10.0,128,144,325.9718034,325.9718034,0,30,6.666666667,13.22875656,175.0,7.5,0.0,0.0,0.0,0.0,0.0,0.0,0.0,0.0
6,3342,2,2,0.0,0.0,0,0,0.0,0.0,0,0,0.0,0.0,0.0,1196.888091,1114.0,1270.183845,2527.0,67.0,748.0,748.0,0.0,748.0,748.0,67.0,67.0,0.0,67.0,67.0,64,80,598.4440455,598.4440455,0,0,0.0,0.0,0.0,0.0,0.0,0.0,0.0,0.0,0.0,0.0,0.0,0.0
6,6469,4,4,30.0,30.0,30,0,7.5,15.0,30,0,7.5,15.0,9275.003865,1236.667182,924.1428571,951.9237414,2545.0,7.0,3916.0,1305.333333,1301.873394,2808.0,517.0,4031.0,1343.666667,1567.26205,3069.0,8.0,128,144,618.333591,618.333591,0,30,6.666666667,13.22875656,175.0,7.5,0.0,0.0,0.0,0.0,0.0,0.0,0.0,0.0
6,6784,4,4,30.0,30.0,30,0,7.5,15.0,30,0,7.5,15.0,8844.339623,1179.245283,969.1428571,992.428239,2391.0,8.0,4385.0,1461.666667,1661.69231,3379.0,439.0,3995.0,1331.666667,1425.002573,2840.0,8.0,128,144,589.6226415,589.6226415,0,30,6.666666667,13.22875656,175.0,7.5,0.0,0.0,0.0,0.0,0.0,0.0,0.0,0.0
6,3103,2,2,0.0,0.0,0,0,0.0,0.0,0,0,0.0,0.0,0.0,1289.075089,1034.333333,1626.270683,2910.0,18.0,175.0,175.0,0.0,175.0,175.0,18.0,18.0,0.0,18.0,18.0,64,80,644.5375443,644.5375443,0,0,0.0,0.0,0.0,0.0,0.0,0.0,0.0,0.0,0.0,0.0,0.0,0.0
6,6799,4,4,30.0,30.0,30,0,7.5,15.0,30,0,7.5,15.0,8824.82718,1176.643624,971.2857143,1022.186336,2421.0,7.0,4371.0,1457.0,1711.602758,3429.0,357.0,4144.0,1381.333333,1520.054056,3014.0,7.0,128,144,588.321812,588.321812,0,30,6.666666667,13.22875656,175.0,7.5,0.0,0.0,0.0,0.0,0.0,0.0,0.0,0.0
6,5378,4,4,30.0,30.0,30,0,7.5,15.0,30,0,7.5,15.0,11156.56378,1487.541837,768.2857143,881.1142026,2053.0,7.0,3318.0,1106.0,1489.822808,2824.0,170.0,3312.0,1104.0,1199.63036,2385.0,7.0,128,144,743.7709186,743.7709186,0,30,6.666666667,13.22875656,175.0,7.5,0.0,0.0,0.0,0.0,0.0,0.0,0.0,0.0
6,3079,2,2,0.0,0.0,0,0,0.0,0.0,0,0,0.0,0.0,0.0,1299.123092,1026.333333,1608.280241,2881.0,17.0,181.0,181.0,0.0,181.0,181.0,17.0,17.0,0.0,17.0,17.0,64,80,649.561546,649.561546,0,0,0.0,0.0,0.0,0.0,0.0,0.0,0.0,0.0,0.0,0.0,0.0,0.0
6,10658,4,4,30.0,30.0,30,0,7.5,15.0,30,0,7.5,15.0,5629.574029,750.6098705,1522.571429,1635.964431,3957.0,6.0,7300.0,2433.333333,1932.227299,3957.0,260.0,4610.0,1536.666667,1865.002502,3615.0,9.0,128,144,375.3049353,375.3049353,0,30,6.666666667,13.22875656,175.0,7.5,0.0,0.0,0.0,0.0,0.0,0.0,0.0,0.0
6,8931,4,4,30.0,30.0,30,0,7.5,15.0,30,0,7.5,15.0,6718.172657,895.7563543,1275.857143,1379.245377,3339.0,8.0,5918.0,1972.666667,2260.623218,4548.0,316.0,5276.0,1758.666667,2093.05383,4077.0,8.0,128,144,447.8781771,447.8781771,0,30,6.666666667,13.22875656,175.0,7.5,0.0,0.0,0.0,0.0,0.0,0.0,0.0,0.0
6,3548,2,2,0.0,0.0,0,0,0.0,0.0,0,0,0.0,0.0,0.0,1127.395716,1182.666667,1977.481563,3466.0,26.0,26.0,26.0,0.0,26.0,26.0,56.0,56.0,0.0,56.0,56.0,64,80,563.6978579,563.6978579,0,0,0.0,0.0,0.0,0.0,0.0,0.0,0.0,0.0,0.0,0.0,0.0,0.0
6,6423,4,4,30.0,30.0,30,0,7.5,15.0,30,0,7.5,15.0,9341.429239,1245.523898,917.5714286,1099.512143,2439.0,7.0,3990.0,1330.0,1922.842687,3550.0,188.0,3732.0,1244.0,1311.615797,2620.0,8.0,128,144,622.7619492,622.7619492,0,30,6.666666667,13.22875656,175.0,7.5,0.0,0.0,0.0,0.0,0.0,0.0,0.0,0.0
6,7644,4,4,30.0,30.0,30,0,7.5,15.0,30,0,7.5,15.0,7849.293564,1046.572475,1092.0,1187.463263,3240.0,9.0,5619.0,1873.0,2325.805882,4556.0,429.0,3770.0,1256.666667,1232.2988,2473.0,9.0,128,144,523.2862376,523.2862376,0,30,6.666666667,13.22875656,175.0,7.5,0.0,0.0,0.0,0.0,0.0,0.0,0.0,0.0
6,2623,2,2,0.0,0.0,0,0,0.0,0.0,0,0,0.0,0.0,0.0,1524.971407,874.3333333,1342.146912,2421.0,16.0,186.0,186.0,0.0,186.0,186.0,16.0,16.0,0.0,16.0,16.0,64,80,762.4857034,762.4857034,0,0,0.0,0.0,0.0,0.0,0.0,0.0,0.0,0.0,0.0,0.0,0.0,0.0
6,4880,0,2,0.0,0.0,0,0,0.0,0.0,0,0,0.0,0.0,0.0,409.8360656,4880.0,0.0,4880.0,4880.0,0.0,0.0,0.0,0.0,0.0,4880.0,4880.0,0.0,4880.0,4880.0,0,64,0.0,409.8360656,0,0,0.0,0.0,0.0,0.0,0.0,0.0,0.0,0.0,0.0,0.0,0.0,0.0
6,2311,0,2,0.0,0.0,0,0,0.0,0.0,0,0,0.0,0.0,0.0,865.4262224,2311.0,0.0,2311.0,2311.0,0.0,0.0,0.0,0.0,0.0,2311.0,2311.0,0.0,2311.0,2311.0,0,64,0.0,865.4262224,0,0,0.0,0.0,0.0,0.0,0.0,0.0,0.0,0.0,0.0,0.0,0.0,0.0
6,3461,0,2,0.0,0.0,0,0,0.0,0.0,0,0,0.0,0.0,0.0,577.8676683,3461.0,0.0,3461.0,3461.0,0.0,0.0,0.0,0.0,0.0,3461.0,3461.0,0.0,3461.0,3461.0,0,64,0.0,577.8676683,0,0,0.0,0.0,0.0,0.0,0.0,0.0,0.0,0.0,0.0,0.0,0.0,0.0
6,9890,4,4,30.0,30.0,30,0,7.5,15.0,30,0,7.5,15.0,6066.734075,808.8978766,1412.857143,2010.184024,4804.0,7.0,6154.0,2051.333333,3342.567476,5910.0,46.0,5040.0,1680.0,2025.006914,3932.0,9.0,128,144,404.4489383,404.4489383,0,30,6.666666667,13.22875656,175.0,7.5,0.0,0.0,0.0,0.0,0.0,0.0,0.0,0.0
6,4900,0,2,0.0,0.0,0,0,0.0,0.0,0,0,0.0,0.0,0.0,408.1632653,4900.0,0.0,4900.0,4900.0,0.0,0.0,0.0,0.0,0.0,4900.0,4900.0,0.0,4900.0,4900.0,0,64,0.0,408.1632653,0,0,0.0,0.0,0.0,0.0,0.0,0.0,0.0,0.0,0.0,0.0,0.0,0.0
6,3113,0,2,0.0,0.0,0,0,0.0,0.0,0,0,0.0,0.0,0.0,642.4670736,3113.0,0.0,3113.0,3113.0,0.0,0.0,0.0,0.0,0.0,3113.0,3113.0,0.0,3113.0,3113.0,0,64,0.0,642.4670736,0,0,0.0,0.0,0.0,0.0,0.0,0.0,0.0,0.0,0.0,0.0,0.0,0.0
6,5756,0,2,0.0,0.0,0,0,0.0,0.0,0,0,0.0,0.0,0.0,347.4635163,5756.0,0.0,5756.0,5756.0,0.0,0.0,0.0,0.0,0.0,5756.0,5756.0,0.0,5756.0,5756.0,0,64,0.0,347.4635163,0,0,0.0,0.0,0.0,0.0,0.0,0.0,0.0,0.0,0.0,0.0,0.0,0.0
6,2661,0,2,0.0,0.0,0,0,0.0,0.0,0,0,0.0,0.0,0.0,751.5971439,2661.0,0.0,2661.0,2661.0,0.0,0.0,0.0,0.0,0.0,2661.0,2661.0,0.0,2661.0,2661.0,0,64,0.0,751.5971439,0,0,0.0,0.0,0.0,0.0,0.0,0.0,0.0,0.0,0.0,0.0,0.0,0.0
6,4297,0,2,0.0,0.0,0,0,0.0,0.0,0,0,0.0,0.0,0.0,465.4410054,4297.0,0.0,4297.0,4297.0,0.0,0.0,0.0,0.0,0.0,4297.0,4297.0,0.0,4297.0,4297.0,0,64,0.0,465.4410054,0,0,0.0,0.0,0.0,0.0,0.0,0.0,0.0,0.0,0.0,0.0,0.0,0.0
6,2988,0,2,0.0,0.0,0,0,0.0,0.0,0,0,0.0,0.0,0.0,669.3440428,2988.0,0.0,2988.0,2988.0,0.0,0.0,0.0,0.0,0.0,2988.0,2988.0,0.0,2988.0,2988.0,0,64,0.0,669.3440428,0,0,0.0,0.0,0.0,0.0,0.0,0.0,0.0,0.0,0.0,0.0,0.0,0.0
6,8550,4,4,30.0,30.0,30,0,7.5,15.0,30,0,7.5,15.0,7017.54386,935.6725146,1221.428571,1313.751988,3224.0,9.0,5701.0,1900.333333,2286.325946,4540.0,543.0,4708.0,1569.333333,1717.742802,3410.0,9.0,128,144,467.8362573,467.8362573,0,30,6.666666667,13.22875656,175.0,7.5,0.0,0.0,0.0,0.0,0.0,0.0,0.0,0.0
6,2894,0,2,0.0,0.0,0,0,0.0,0.0,0,0,0.0,0.0,0.0,691.0850035,2894.0,0.0,2894.0,2894.0,0.0,0.0,0.0,0.0,0.0,2894.0,2894.0,0.0,2894.0,2894.0,0,64,0.0,691.0850035,0,0,0.0,0.0,0.0,0.0,0.0,0.0,0.0,0.0,0.0,0.0,0.0,0.0
6,3718,0,2,0.0,0.0,0,0,0.0,0.0,0,0,0.0,0.0,0.0,537.9236148,3718.0,0.0,3718.0,3718.0,0.0,0.0,0.0,0.0,0.0,3718.0,3718.0,0.0,3718.0,3718.0,0,64,0.0,537.9236148,0,0,0.0,0.0,0.0,0.0,0.0,0.0,0.0,0.0,0.0,0.0,0.0,0.0
6,2868,0,2,0.0,0.0,0,0,0.0,0.0,0,0,0.0,0.0,0.0,697.3500697,2868.0,0.0,2868.0,2868.0,0.0,0.0,0.0,0.0,0.0,2868.0,2868.0,0.0,2868.0,2868.0,0,64,0.0,697.3500697,0,0,0.0,0.0,0.0,0.0,0.0,0.0,0.0,0.0,0.0,0.0,0.0,0.0
6,2775,0,2,0.0,0.0,0,0,0.0,0.0,0,0,0.0,0.0,0.0,720.7207207,2775.0,0.0,2775.0,2775.0,0.0,0.0,0.0,0.0,0.0,2775.0,2775.0,0.0,2775.0,2775.0,0,64,0.0,720.7207207,0,0,0.0,0.0,0.0,0.0,0.0,0.0,0.0,0.0,0.0,0.0,0.0,0.0
6,2693,0,2,0.0,0.0,0,0,0.0,0.0,0,0,0.0,0.0,0.0,742.6661716,2693.0,0.0,2693.0,2693.0,0.0,0.0,0.0,0.0,0.0,2693.0,2693.0,0.0,2693.0,2693.0,0,64,0.0,742.6661716,0,0,0.0,0.0,0.0,0.0,0.0,0.0,0.0,0.0,0.0,0.0,0.0,0.0
6,2410,2,2,0.0,0.0,0,0,0.0,0.0,0,0,0.0,0.0,0.0,1659.751037,803.3333333,1329.226216,2338.0,15.0,57.0,57.0,0.0,57.0,57.0,15.0,15.0,0.0,15.0,15.0,64,80,829.8755187,829.8755187,0,0,0.0,0.0,0.0,0.0,0.0,0.0,0.0,0.0,0.0,0.0,0.0,0.0
6,2901,0,2,0.0,0.0,0,0,0.0,0.0,0,0,0.0,0.0,0.0,689.4174423,2901.0,0.0,2901.0,2901.0,0.0,0.0,0.0,0.0,0.0,2901.0,2901.0,0.0,2901.0,2901.0,0,64,0.0,689.4174423,0,0,0.0,0.0,0.0,0.0,0.0,0.0,0.0,0.0,0.0,0.0,0.0,0.0
6,4329,0,2,0.0,0.0,0,0,0.0,0.0,0,0,0.0,0.0,0.0,462.000462,4329.0,0.0,4329.0,4329.0,0.0,0.0,0.0,0.0,0.0,4329.0,4329.0,0.0,4329.0,4329.0,0,64,0.0,462.000462,0,0,0.0,0.0,0.0,0.0,0.0,0.0,0.0,0.0,0.0,0.0,0.0,0.0
6,3917,0,2,0.0,0.0,0,0,0.0,0.0,0,0,0.0,0.0,0.0,510.594843,3917.0,0.0,3917.0,3917.0,0.0,0.0,0.0,0.0,0.0,3917.0,3917.0,0.0,3917.0,3917.0,0,64,0.0,510.594843,0,0,0.0,0.0,0.0,0.0,0.0,0.0,0.0,0.0,0.0,0.0,0.0,0.0
6,2865,0,2,0.0,0.0,0,0,0.0,0.0,0,0,0.0,0.0,0.0,698.0802792,2865.0,0.0,2865.0,2865.0,0.0,0.0,0.0,0.0,0.0,2865.0,2865.0,0.0,2865.0,2865.0,0,64,0.0,698.0802792,0,0,0.0,0.0,0.0,0.0,0.0,0.0,0.0,0.0,0.0,0.0,0.0,0.0
6,4153,0,2,0.0,0.0,0,0,0.0,0.0,0,0,0.0,0.0,0.0,481.579581,4153.0,0.0,4153.0,4153.0,0.0,0.0,0.0,0.0,0.0,4153.0,4153.0,0.0,4153.0,4153.0,0,64,0.0,481.579581,0,0,0.0,0.0,0.0,0.0,0.0,0.0,0.0,0.0,0.0,0.0,0.0,0.0
6,3960,0,2,0.0,0.0,0,0,0.0,0.0,0,0,0.0,0.0,0.0,505.0505051,3960.0,0.0,3960.0,3960.0,0.0,0.0,0.0,0.0,0.0,3960.0,3960.0,0.0,3960.0,3960.0,0,64,0.0,505.0505051,0,0,0.0,0.0,0.0,0.0,0.0,0.0,0.0,0.0,0.0,0.0,0.0,0.0
6,7847,4,4,30.0,30.0,30,0,7.5,15.0,30,0,7.5,15.0,7646.23423,1019.497897,1121.0,1192.743616,2799.0,8.0,5040.0,1680.0,2002.497441,3990.0,436.0,4712.0,1570.666667,1724.588743,3421.0,8.0,128,144,509.7489486,509.7489486,0,30,6.666666667,13.22875656,175.0,7.5,0.0,0.0,0.0,0.0,0.0,0.0,0.0,0.0
6,3970,0,2,0.0,0.0,0,0,0.0,0.0,0,0,0.0,0.0,0.0,503.7783375,3970.0,0.0,3970.0,3970.0,0.0,0.0,0.0,0.0,0.0,3970.0,3970.0,0.0,3970.0,3970.0,0,64,0.0,503.7783375,0,0,0.0,0.0,0.0,0.0,0.0,0.0,0.0,0.0,0.0,0.0,0.0,0.0
6,3237,0,2,0.0,0.0,0,0,0.0,0.0,0,0,0.0,0.0,0.0,617.8560395,3237.0,0.0,3237.0,3237.0,0.0,0.0,0.0,0.0,0.0,3237.0,3237.0,0.0,3237.0,3237.0,0,64,0.0,617.8560395,0,0,0.0,0.0,0.0,0.0,0.0,0.0,0.0,0.0,0.0,0.0,0.0,0.0
6,3237,0,2,0.0,0.0,0,0,0.0,0.0,0,0,0.0,0.0,0.0,617.8560395,3237.0,0.0,3237.0,3237.0,0.0,0.0,0.0,0.0,0.0,3237.0,3237.0,0.0,3237.0,3237.0,0,64,0.0,617.8560395,0,0,0.0,0.0,0.0,0.0,0.0,0.0,0.0,0.0,0.0,0.0,0.0,0.0
6,2688,0,2,0.0,0.0,0,0,0.0,0.0,0,0,0.0,0.0,0.0,744.047619,2688.0,0.0,2688.0,2688.0,0.0,0.0,0.0,0.0,0.0,2688.0,2688.0,0.0,2688.0,2688.0,0,64,0.0,744.047619,0,0,0.0,0.0,0.0,0.0,0.0,0.0,0.0,0.0,0.0,0.0,0.0,0.0
6,2832,0,2,0.0,0.0,0,0,0.0,0.0,0,0,0.0,0.0,0.0,706.2146893,2832.0,0.0,2832.0,2832.0,0.0,0.0,0.0,0.0,0.0,2832.0,2832.0,0.0,2832.0,2832.0,0,64,0.0,706.2146893,0,0,0.0,0.0,0.0,0.0,0.0,0.0,0.0,0.0,0.0,0.0,0.0,0.0
6,3750,0,2,0.0,0.0,0,0,0.0,0.0,0,0,0.0,0.0,0.0,533.3333333,3750.0,0.0,3750.0,3750.0,0.0,0.0,0.0,0.0,0.0,3750.0,3750.0,0.0,3750.0,3750.0,0,64,0.0,533.3333333,0,0,0.0,0.0,0.0,0.0,0.0,0.0,0.0,0.0,0.0,0.0,0.0,0.0
6,7852,4,4,30.0,30.0,30,0,7.5,15.0,30,0,7.5,15.0,7641.365257,1018.848701,1121.714286,1373.747152,3382.0,8.0,5165.0,1721.666667,2438.913146,4537.0,253.0,4217.0,1405.666667,1544.585489,3064.0,8.0,128,144,509.4243505,509.4243505,0,30,6.666666667,13.22875656,175.0,7.5,0.0,0.0,0.0,0.0,0.0,0.0,0.0,0.0
6,3923,0,2,0.0,0.0,0,0,0.0,0.0,0,0,0.0,0.0,0.0,509.8139179,3923.0,0.0,3923.0,3923.0,0.0,0.0,0.0,0.0,0.0,3923.0,3923.0,0.0,3923.0,3923.0,0,64,0.0,509.8139179,0,0,0.0,0.0,0.0,0.0,0.0,0.0,0.0,0.0,0.0,0.0,0.0,0.0
6,2099,0,2,0.0,0.0,0,0,0.0,0.0,0,0,0.0,0.0,0.0,952.8346832,2099.0,0.0,2099.0,2099.0,0.0,0.0,0.0,0.0,0.0,2099.0,2099.0,0.0,2099.0,2099.0,0,64,0.0,952.8346832,0,0,0.0,0.0,0.0,0.0,0.0,0.0,0.0,0.0,0.0,0.0,0.0,0.0
6,1955,0,2,0.0,0.0,0,0,0.0,0.0,0,0,0.0,0.0,0.0,1023.017903,1955.0,0.0,1955.0,1955.0,0.0,0.0,0.0,0.0,0.0,1955.0,1955.0,0.0,1955.0,1955.0,0,64,0.0,1023.017903,0,0,0.0,0.0,0.0,0.0,0.0,0.0,0.0,0.0,0.0,0.0,0.0,0.0
6,2142,0,2,0.0,0.0,0,0,0.0,0.0,0,0,0.0,0.0,0.0,933.7068161,2142.0,0.0,2142.0,2142.0,0.0,0.0,0.0,0.0,0.0,2142.0,2142.0,0.0,2142.0,2142.0,0,64,0.0,933.7068161,0,0,0.0,0.0,0.0,0.0,0.0,0.0,0.0,0.0,0.0,0.0,0.0,0.0
6,4054,0,2,0.0,0.0,0,0,0.0,0.0,0,0,0.0,0.0,0.0,493.3399112,4054.0,0.0,4054.0,4054.0,0.0,0.0,0.0,0.0,0.0,4054.0,4054.0,0.0,4054.0,4054.0,0,64,0.0,493.3399112,0,0,0.0,0.0,0.0,0.0,0.0,0.0,0.0,0.0,0.0,0.0,0.0,0.0
6,2824,0,2,0.0,0.0,0,0,0.0,0.0,0,0,0.0,0.0,0.0,708.2152975,2824.0,0.0,2824.0,2824.0,0.0,0.0,0.0,0.0,0.0,2824.0,2824.0,0.0,2824.0,2824.0,0,64,0.0,708.2152975,0,0,0.0,0.0,0.0,0.0,0.0,0.0,0.0,0.0,0.0,0.0,0.0,0.0
6,4316,0,2,0.0,0.0,0,0,0.0,0.0,0,0,0.0,0.0,0.0,463.3920297,4316.0,0.0,4316.0,4316.0,0.0,0.0,0.0,0.0,0.0,4316.0,4316.0,0.0,4316.0,4316.0,0,64,0.0,463.3920297,0,0,0.0,0.0,0.0,0.0,0.0,0.0,0.0,0.0,0.0,0.0,0.0,0.0
6,9035,2,2,0.0,0.0,0,0,0.0,0.0,0,0,0.0,0.0,0.0,442.7227449,3011.666667,5145.364645,8953.0,27.0,55.0,55.0,0.0,55.0,55.0,27.0,27.0,0.0,27.0,27.0,64,80,221.3613724,221.3613724,0,0,0.0,0.0,0.0,0.0,0.0,0.0,0.0,0.0,0.0,0.0,0.0,0.0
6,3541,0,2,0.0,0.0,0,0,0.0,0.0,0,0,0.0,0.0,0.0,564.8121999,3541.0,0.0,3541.0,3541.0,0.0,0.0,0.0,0.0,0.0,3541.0,3541.0,0.0,3541.0,3541.0,0,64,0.0,564.8121999,0,0,0.0,0.0,0.0,0.0,0.0,0.0,0.0,0.0,0.0,0.0,0.0,0.0
6,3956,0,2,0.0,0.0,0,0,0.0,0.0,0,0,0.0,0.0,0.0,505.5611729,3956.0,0.0,3956.0,3956.0,0.0,0.0,0.0,0.0,0.0,3956.0,3956.0,0.0,3956.0,3956.0,0,64,0.0,505.5611729,0,0,0.0,0.0,0.0,0.0,0.0,0.0,0.0,0.0,0.0,0.0,0.0,0.0
6,2223,0,2,0.0,0.0,0,0,0.0,0.0,0,0,0.0,0.0,0.0,899.6851102,2223.0,0.0,2223.0,2223.0,0.0,0.0,0.0,0.0,0.0,2223.0,2223.0,0.0,2223.0,2223.0,0,64,0.0,899.6851102,0,0,0.0,0.0,0.0,0.0,0.0,0.0,0.0,0.0,0.0,0.0,0.0,0.0
6,11072,4,4,30.0,30.0,30,0,7.5,15.0,30,0,7.5,15.0,5419.075145,722.5433526,1581.714286,1605.35829,4308.0,26.0,8000.0,2666.666667,2496.918367,5474.0,694.0,4932.0,1644.0,1920.263524,3766.0,26.0,128,144,361.2716763,361.2716763,0,30,6.666666667,13.22875656,175.0,7.5,0.0,0.0,0.0,0.0,0.0,0.0,0.0,0.0
6,2110,0,2,0.0,0.0,0,0,0.0,0.0,0,0,0.0,0.0,0.0,947.8672986,2110.0,0.0,2110.0,2110.0,0.0,0.0,0.0,0.0,0.0,2110.0,2110.0,0.0,2110.0,2110.0,0,64,0.0,947.8672986,0,0,0.0,0.0,0.0,0.0,0.0,0.0,0.0,0.0,0.0,0.0,0.0,0.0
6,2454,0,2,0.0,0.0,0,0,0.0,0.0,0,0,0.0,0.0,0.0,814.995925,2454.0,0.0,2454.0,2454.0,0.0,0.0,0.0,0.0,0.0,2454.0,2454.0,0.0,2454.0,2454.0,0,64,0.0,814.995925,0,0,0.0,0.0,0.0,0.0,0.0,0.0,0.0,0.0,0.0,0.0,0.0,0.0
6,3507,0,2,0.0,0.0,0,0,0.0,0.0,0,0,0.0,0.0,0.0,570.2879954,3507.0,0.0,3507.0,3507.0,0.0,0.0,0.0,0.0,0.0,3507.0,3507.0,0.0,3507.0,3507.0,0,64,0.0,570.2879954,0,0,0.0,0.0,0.0,0.0,0.0,0.0,0.0,0.0,0.0,0.0,0.0,0.0
6,3514,0,2,0.0,0.0,0,0,0.0,0.0,0,0,0.0,0.0,0.0,569.1519636,3514.0,0.0,3514.0,3514.0,0.0,0.0,0.0,0.0,0.0,3514.0,3514.0,0.0,3514.0,3514.0,0,64,0.0,569.1519636,0,0,0.0,0.0,0.0,0.0,0.0,0.0,0.0,0.0,0.0,0.0,0.0,0.0
6,3007,0,2,0.0,0.0,0,0,0.0,0.0,0,0,0.0,0.0,0.0,665.1147323,3007.0,0.0,3007.0,3007.0,0.0,0.0,0.0,0.0,0.0,3007.0,3007.0,0.0,3007.0,3007.0,0,64,0.0,665.1147323,0,0,0.0,0.0,0.0,0.0,0.0,0.0,0.0,0.0,0.0,0.0,0.0,0.0
6,12387,4,4,30.0,30.0,30,0,7.5,15.0,30,0,7.5,15.0,4843.787842,645.8383789,1769.571429,1774.239542,4725.0,11.0,7649.0,2549.666667,2207.232732,4912.0,540.0,6917.0,2305.666667,2696.148426,5276.0,13.0,128,144,322.9191895,322.9191895,0,30,6.666666667,13.22875656,175.0,7.5,0.0,0.0,0.0,0.0,0.0,0.0,0.0,0.0
6,3508,0,2,0.0,0.0,0,0,0.0,0.0,0,0,0.0,0.0,0.0,570.1254276,3508.0,0.0,3508.0,3508.0,0.0,0.0,0.0,0.0,0.0,3508.0,3508.0,0.0,3508.0,3508.0,0,64,0.0,570.1254276,0,0,0.0,0.0,0.0,0.0,0.0,0.0,0.0,0.0,0.0,0.0,0.0,0.0
6,3030,0,2,0.0,0.0,0,0,0.0,0.0,0,0,0.0,0.0,0.0,660.0660066,3030.0,0.0,3030.0,3030.0,0.0,0.0,0.0,0.0,0.0,3030.0,3030.0,0.0,3030.0,3030.0,0,64,0.0,660.0660066,0,0,0.0,0.0,0.0,0.0,0.0,0.0,0.0,0.0,0.0,0.0,0.0,0.0
6,2187,0,2,0.0,0.0,0,0,0.0,0.0,0,0,0.0,0.0,0.0,914.4947417,2187.0,0.0,2187.0,2187.0,0.0,0.0,0.0,0.0,0.0,2187.0,2187.0,0.0,2187.0,2187.0,0,64,0.0,914.4947417,0,0,0.0,0.0,0.0,0.0,0.0,0.0,0.0,0.0,0.0,0.0,0.0,0.0
6,3107,0,2,0.0,0.0,0,0,0.0,0.0,0,0,0.0,0.0,0.0,643.7077567,3107.0,0.0,3107.0,3107.0,0.0,0.0,0.0,0.0,0.0,3107.0,3107.0,0.0,3107.0,3107.0,0,64,0.0,643.7077567,0,0,0.0,0.0,0.0,0.0,0.0,0.0,0.0,0.0,0.0,0.0,0.0,0.0
6,2493,0,2,0.0,0.0,0,0,0.0,0.0,0,0,0.0,0.0,0.0,802.2462896,2493.0,0.0,2493.0,2493.0,0.0,0.0,0.0,0.0,0.0,2493.0,2493.0,0.0,2493.0,2493.0,0,64,0.0,802.2462896,0,0,0.0,0.0,0.0,0.0,0.0,0.0,0.0,0.0,0.0,0.0,0.0,0.0
6,4514,2,2,0.0,0.0,0,0,0.0,0.0,0,0,0.0,0.0,0.0,886.1320337,1504.666667,2287.867202,4140.0,27.0,347.0,347.0,0.0,347.0,347.0,27.0,27.0,0.0,27.0,27.0,64,80,443.0660168,443.0660168,0,0,0.0,0.0,0.0,0.0,0.0,0.0,0.0,0.0,0.0,0.0,0.0,0.0
6,2578,0,2,0.0,0.0,0,0,0.0,0.0,0,0,0.0,0.0,0.0,775.7951901,2578.0,0.0,2578.0,2578.0,0.0,0.0,0.0,0.0,0.0,2578.0,2578.0,0.0,2578.0,2578.0,0,64,0.0,775.7951901,0,0,0.0,0.0,0.0,0.0,0.0,0.0,0.0,0.0,0.0,0.0,0.0,0.0
6,2562,0,2,0.0,0.0,0,0,0.0,0.0,0,0,0.0,0.0,0.0,780.6401249,2562.0,0.0,2562.0,2562.0,0.0,0.0,0.0,0.0,0.0,2562.0,2562.0,0.0,2562.0,2562.0,0,64,0.0,780.6401249,0,0,0.0,0.0,0.0,0.0,0.0,0.0,0.0,0.0,0.0,0.0,0.0,0.0
6,2123,0,2,0.0,0.0,0,0,0.0,0.0,0,0,0.0,0.0,0.0,942.0631182,2123.0,0.0,2123.0,2123.0,0.0,0.0,0.0,0.0,0.0,2123.0,2123.0,0.0,2123.0,2123.0,0,64,0.0,942.0631182,0,0,0.0,0.0,0.0,0.0,0.0,0.0,0.0,0.0,0.0,0.0,0.0,0.0
6,3911,0,2,0.0,0.0,0,0,0.0,0.0,0,0,0.0,0.0,0.0,511.3781642,3911.0,0.0,3911.0,3911.0,0.0,0.0,0.0,0.0,0.0,3911.0,3911.0,0.0,3911.0,3911.0,0,64,0.0,511.3781642,0,0,0.0,0.0,0.0,0.0,0.0,0.0,0.0,0.0,0.0,0.0,0.0,0.0
6,8973,4,4,30.0,30.0,30,0,7.5,15.0,30,0,7.5,15.0,6686.726847,891.5635796,1281.857143,1613.237989,3981.0,7.0,4983.0,1661.0,2365.419836,4387.0,150.0,5484.0,1828.0,2107.83562,4138.0,9.0,128,144,445.7817898,445.7817898,0,30,6.666666667,13.22875656,175.0,7.5,0.0,0.0,0.0,0.0,0.0,0.0,0.0,0.0
6,4490,0,2,0.0,0.0,0,0,0.0,0.0,0,0,0.0,0.0,0.0,445.4342984,4490.0,0.0,4490.0,4490.0,0.0,0.0,0.0,0.0,0.0,4490.0,4490.0,0.0,4490.0,4490.0,0,64,0.0,445.4342984,0,0,0.0,0.0,0.0,0.0,0.0,0.0,0.0,0.0,0.0,0.0,0.0,0.0
6,4267,0,2,0.0,0.0,0,0,0.0,0.0,0,0,0.0,0.0,0.0,468.7133818,4267.0,0.0,4267.0,4267.0,0.0,0.0,0.0,0.0,0.0,4267.0,4267.0,0.0,4267.0,4267.0,0,64,0.0,468.7133818,0,0,0.0,0.0,0.0,0.0,0.0,0.0,0.0,0.0,0.0,0.0,0.0,0.0
6,3528,0,2,0.0,0.0,0,0,0.0,0.0,0,0,0.0,0.0,0.0,566.893424,3528.0,0.0,3528.0,3528.0,0.0,0.0,0.0,0.0,0.0,3528.0,3528.0,0.0,3528.0,3528.0,0,64,0.0,566.893424,0,0,0.0,0.0,0.0,0.0,0.0,0.0,0.0,0.0,0.0,0.0,0.0,0.0
6,4781,0,2,0.0,0.0,0,0,0.0,0.0,0,0,0.0,0.0,0.0,418.3225267,4781.0,0.0,4781.0,4781.0,0.0,0.0,0.0,0.0,0.0,4781.0,4781.0,0.0,4781.0,4781.0,0,64,0.0,418.3225267,0,0,0.0,0.0,0.0,0.0,0.0,0.0,0.0,0.0,0.0,0.0,0.0,0.0
6,9533,4,4,30.0,30.0,30,0,7.5,15.0,30,0,7.5,15.0,6293.926361,839.1901815,1361.857143,1294.196073,2782.0,9.0,6946.0,2315.333333,1951.310927,3991.0,173.0,6773.0,2257.666667,2787.902676,5377.0,9.0,128,144,419.5950907,419.5950907,0,30,6.666666667,13.22875656,175.0,7.5,0.0,0.0,0.0,0.0,0.0,0.0,0.0,0.0
6,3203,0,2,0.0,0.0,0,0,0.0,0.0,0,0,0.0,0.0,0.0,624.4146113,3203.0,0.0,3203.0,3203.0,0.0,0.0,0.0,0.0,0.0,3203.0,3203.0,0.0,3203.0,3203.0,0,64,0.0,624.4146113,0,0,0.0,0.0,0.0,0.0,0.0,0.0,0.0,0.0,0.0,0.0,0.0,0.0
6,4752,0,2,0.0,0.0,0,0,0.0,0.0,0,0,0.0,0.0,0.0,420.8754209,4752.0,0.0,4752.0,4752.0,0.0,0.0,0.0,0.0,0.0,4752.0,4752.0,0.0,4752.0,4752.0,0,64,0.0,420.8754209,0,0,0.0,0.0,0.0,0.0,0.0,0.0,0.0,0.0,0.0,0.0,0.0,0.0
6,4449,0,2,0.0,0.0,0,0,0.0,0.0,0,0,0.0,0.0,0.0,449.5392223,4449.0,0.0,4449.0,4449.0,0.0,0.0,0.0,0.0,0.0,4449.0,4449.0,0.0,4449.0,4449.0,0,64,0.0,449.5392223,0,0,0.0,0.0,0.0,0.0,0.0,0.0,0.0,0.0,0.0,0.0,0.0,0.0
6,3754,0,2,0.0,0.0,0,0,0.0,0.0,0,0,0.0,0.0,0.0,532.7650506,3754.0,0.0,3754.0,3754.0,0.0,0.0,0.0,0.0,0.0,3754.0,3754.0,0.0,3754.0,3754.0,0,64,0.0,532.7650506,0,0,0.0,0.0,0.0,0.0,0.0,0.0,0.0,0.0,0.0,0.0,0.0,0.0
6,3544,2,2,0.0,0.0,0,0,0.0,0.0,0,0,0.0,0.0,0.0,1128.668172,1181.333333,1918.746031,3396.0,19.0,129.0,129.0,0.0,129.0,129.0,19.0,19.0,0.0,19.0,19.0,64,80,564.3340858,564.3340858,0,0,0.0,0.0,0.0,0.0,0.0,0.0,0.0,0.0,0.0,0.0,0.0,0.0
6,3595,0,2,0.0,0.0,0,0,0.0,0.0,0,0,0.0,0.0,0.0,556.3282337,3595.0,0.0,3595.0,3595.0,0.0,0.0,0.0,0.0,0.0,3595.0,3595.0,0.0,3595.0,3595.0,0,64,0.0,556.3282337,0,0,0.0,0.0,0.0,0.0,0.0,0.0,0.0,0.0,0.0,0.0,0.0,0.0
6,4393,0,2,0.0,0.0,0,0,0.0,0.0,0,0,0.0,0.0,0.0,455.2697473,4393.0,0.0,4393.0,4393.0,0.0,0.0,0.0,0.0,0.0,4393.0,4393.0,0.0,4393.0,4393.0,0,64,0.0,455.2697473,0,0,0.0,0.0,0.0,0.0,0.0,0.0,0.0,0.0,0.0,0.0,0.0,0.0
6,3249,0,2,0.0,0.0,0,0,0.0,0.0,0,0,0.0,0.0,0.0,615.5740228,3249.0,0.0,3249.0,3249.0,0.0,0.0,0.0,0.0,0.0,3249.0,3249.0,0.0,3249.0,3249.0,0,64,0.0,615.5740228,0,0,0.0,0.0,0.0,0.0,0.0,0.0,0.0,0.0,0.0,0.0,0.0,0.0
6,2404,0,2,0.0,0.0,0,0,0.0,0.0,0,0,0.0,0.0,0.0,831.9467554,2404.0,0.0,2404.0,2404.0,0.0,0.0,0.0,0.0,0.0,2404.0,2404.0,0.0,2404.0,2404.0,0,64,0.0,831.9467554,0,0,0.0,0.0,0.0,0.0,0.0,0.0,0.0,0.0,0.0,0.0,0.0,0.0
6,4159,0,2,0.0,0.0,0,0,0.0,0.0,0,0,0.0,0.0,0.0,480.8848281,4159.0,0.0,4159.0,4159.0,0.0,0.0,0.0,0.0,0.0,4159.0,4159.0,0.0,4159.0,4159.0,0,64,0.0,480.8848281,0,0,0.0,0.0,0.0,0.0,0.0,0.0,0.0,0.0,0.0,0.0,0.0,0.0
6,8621,4,4,30.0,30.0,30,0,7.5,15.0,30,0,7.5,15.0,6959.749449,927.9665932,1231.571429,1692.683457,4026.0,7.0,5397.0,1799.0,2884.008322,5127.0,31.0,4564.0,1521.333333,1768.5266,3465.0,7.0,128,144,463.9832966,463.9832966,0,30,6.666666667,13.22875656,175.0,7.5,0.0,0.0,0.0,0.0,0.0,0.0,0.0,0.0
6,2712,0,2,0.0,0.0,0,0,0.0,0.0,0,0,0.0,0.0,0.0,737.4631268,2712.0,0.0,2712.0,2712.0,0.0,0.0,0.0,0.0,0.0,2712.0,2712.0,0.0,2712.0,2712.0,0,64,0.0,737.4631268,0,0,0.0,0.0,0.0,0.0,0.0,0.0,0.0,0.0,0.0,0.0,0.0,0.0
6,2762,0,2,0.0,0.0,0,0,0.0,0.0,0,0,0.0,0.0,0.0,724.1129616,2762.0,0.0,2762.0,2762.0,0.0,0.0,0.0,0.0,0.0,2762.0,2762.0,0.0,2762.0,2762.0,0,64,0.0,724.1129616,0,0,0.0,0.0,0.0,0.0,0.0,0.0,0.0,0.0,0.0,0.0,0.0,0.0
6,2261,0,2,0.0,0.0,0,0,0.0,0.0,0,0,0.0,0.0,0.0,884.5643521,2261.0,0.0,2261.0,2261.0,0.0,0.0,0.0,0.0,0.0,2261.0,2261.0,0.0,2261.0,2261.0,0,64,0.0,884.5643521,0,0,0.0,0.0,0.0,0.0,0.0,0.0,0.0,0.0,0.0,0.0,0.0,0.0
6,3356,0,2,0.0,0.0,0,0,0.0,0.0,0,0,0.0,0.0,0.0,595.9475566,3356.0,0.0,3356.0,3356.0,0.0,0.0,0.0,0.0,0.0,3356.0,3356.0,0.0,3356.0,3356.0,0,64,0.0,595.9475566,0,0,0.0,0.0,0.0,0.0,0.0,0.0,0.0,0.0,0.0,0.0,0.0,0.0
6,15469,4,4,30.0,30.0,30,0,7.5,15.0,30,0,7.5,15.0,3878.725192,517.163359,2209.857143,2110.715473,5690.0,10.0,9769.0,3256.333333,2228.075477,5420.0,969.0,10902.0,3634.0,4813.027426,9095.0,10.0,128,144,258.5816795,258.5816795,0,30,6.666666667,13.22875656,175.0,7.5,0.0,0.0,0.0,0.0,0.0,0.0,0.0,0.0
6,3180,0,2,0.0,0.0,0,0,0.0,0.0,0,0,0.0,0.0,0.0,628.9308176,3180.0,0.0,3180.0,3180.0,0.0,0.0,0.0,0.0,0.0,3180.0,3180.0,0.0,3180.0,3180.0,0,64,0.0,628.9308176,0,0,0.0,0.0,0.0,0.0,0.0,0.0,0.0,0.0,0.0,0.0,0.0,0.0
6,4051,0,2,0.0,0.0,0,0,0.0,0.0,0,0,0.0,0.0,0.0,493.705258,4051.0,0.0,4051.0,4051.0,0.0,0.0,0.0,0.0,0.0,4051.0,4051.0,0.0,4051.0,4051.0,0,64,0.0,493.705258,0,0,0.0,0.0,0.0,0.0,0.0,0.0,0.0,0.0,0.0,0.0,0.0,0.0
6,14702,0,2,0.0,0.0,0,0,0.0,0.0,0,0,0.0,0.0,0.0,136.0359135,14702.0,0.0,14702.0,14702.0,0.0,0.0,0.0,0.0,0.0,14702.0,14702.0,0.0,14702.0,14702.0,0,64,0.0,136.0359135,0,0,0.0,0.0,0.0,0.0,0.0,0.0,0.0,0.0,0.0,0.0,0.0,0.0
6,3627,0,2,0.0,0.0,0,0,0.0,0.0,0,0,0.0,0.0,0.0,551.4199063,3627.0,0.0,3627.0,3627.0,0.0,0.0,0.0,0.0,0.0,3627.0,3627.0,0.0,3627.0,3627.0,0,64,0.0,551.4199063,0,0,0.0,0.0,0.0,0.0,0.0,0.0,0.0,0.0,0.0,0.0,0.0,0.0
6,2603,0,2,0.0,0.0,0,0,0.0,0.0,0,0,0.0,0.0,0.0,768.3442182,2603.0,0.0,2603.0,2603.0,0.0,0.0,0.0,0.0,0.0,2603.0,2603.0,0.0,2603.0,2603.0,0,64,0.0,768.3442182,0,0,0.0,0.0,0.0,0.0,0.0,0.0,0.0,0.0,0.0,0.0,0.0,0.0
6,3421,2,2,0.0,0.0,0,0,0.0,0.0,0,0,0.0,0.0,0.0,1169.248758,1140.333333,1885.337459,3317.0,19.0,85.0,85.0,0.0,85.0,85.0,19.0,19.0,0.0,19.0,19.0,64,80,584.6243788,584.6243788,0,0,0.0,0.0,0.0,0.0,0.0,0.0,0.0,0.0,0.0,0.0,0.0,0.0
6,2599,0,2,0.0,0.0,0,0,0.0,0.0,0,0,0.0,0.0,0.0,769.5267411,2599.0,0.0,2599.0,2599.0,0.0,0.0,0.0,0.0,0.0,2599.0,2599.0,0.0,2599.0,2599.0,0,64,0.0,769.5267411,0,0,0.0,0.0,0.0,0.0,0.0,0.0,0.0,0.0,0.0,0.0,0.0,0.0
6,2963,0,2,0.0,0.0,0,0,0.0,0.0,0,0,0.0,0.0,0.0,674.9915626,2963.0,0.0,2963.0,2963.0,0.0,0.0,0.0,0.0,0.0,2963.0,2963.0,0.0,2963.0,2963.0,0,64,0.0,674.9915626,0,0,0.0,0.0,0.0,0.0,0.0,0.0,0.0,0.0,0.0,0.0,0.0,0.0
6,2245,0,2,0.0,0.0,0,0,0.0,0.0,0,0,0.0,0.0,0.0,890.8685969,2245.0,0.0,2245.0,2245.0,0.0,0.0,0.0,0.0,0.0,2245.0,2245.0,0.0,2245.0,2245.0,0,64,0.0,890.8685969,0,0,0.0,0.0,0.0,0.0,0.0,0.0,0.0,0.0,0.0,0.0,0.0,0.0
6,8762,4,4,30.0,30.0,30,0,7.5,15.0,30,0,7.5,15.0,6847.751655,913.033554,1251.714286,1549.123162,3765.0,8.0,4988.0,1662.666667,2335.331311,4354.0,171.0,5259.0,1753.0,2005.221434,3944.0,9.0,128,144,456.516777,456.516777,0,30,6.666666667,13.22875656,175.0,7.5,0.0,0.0,0.0,0.0,0.0,0.0,0.0,0.0
6,3612,0,2,0.0,0.0,0,0,0.0,0.0,0,0,0.0,0.0,0.0,553.709856,3612.0,0.0,3612.0,3612.0,0.0,0.0,0.0,0.0,0.0,3612.0,3612.0,0.0,3612.0,3612.0,0,64,0.0,553.709856,0,0,0.0,0.0,0.0,0.0,0.0,0.0,0.0,0.0,0.0,0.0,0.0,0.0
6,5257,0,2,0.0,0.0,0,0,0.0,0.0,0,0,0.0,0.0,0.0,380.4451208,5257.0,0.0,5257.0,5257.0,0.0,0.0,0.0,0.0,0.0,5257.0,5257.0,0.0,5257.0,5257.0,0,64,0.0,380.4451208,0,0,0.0,0.0,0.0,0.0,0.0,0.0,0.0,0.0,0.0,0.0,0.0,0.0
6,2173,0,2,0.0,0.0,0,0,0.0,0.0,0,0,0.0,0.0,0.0,920.3865624,2173.0,0.0,2173.0,2173.0,0.0,0.0,0.0,0.0,0.0,2173.0,2173.0,0.0,2173.0,2173.0,0,64,0.0,920.3865624,0,0,0.0,0.0,0.0,0.0,0.0,0.0,0.0,0.0,0.0,0.0,0.0,0.0
6,2379,0,2,0.0,0.0,0,0,0.0,0.0,0,0,0.0,0.0,0.0,840.6893653,2379.0,0.0,2379.0,2379.0,0.0,0.0,0.0,0.0,0.0,2379.0,2379.0,0.0,2379.0,2379.0,0,64,0.0,840.6893653,0,0,0.0,0.0,0.0,0.0,0.0,0.0,0.0,0.0,0.0,0.0,0.0,0.0
6,2712,0,2,0.0,0.0,0,0,0.0,0.0,0,0,0.0,0.0,0.0,737.4631268,2712.0,0.0,2712.0,2712.0,0.0,0.0,0.0,0.0,0.0,2712.0,2712.0,0.0,2712.0,2712.0,0,64,0.0,737.4631268,0,0,0.0,0.0,0.0,0.0,0.0,0.0,0.0,0.0,0.0,0.0,0.0,0.0
6,6387,4,4,30.0,30.0,30,0,7.5,15.0,30,0,7.5,15.0,9394.081729,1252.54423,912.4285714,898.9402756,2230.0,10.0,4146.0,1382.0,1542.514506,3163.0,472.0,3947.0,1315.666667,1352.831229,2712.0,11.0,128,144,626.2721152,626.2721152,0,30,6.666666667,13.22875656,175.0,7.5,0.0,0.0,0.0,0.0,0.0,0.0,0.0,0.0
6,2477,0,2,0.0,0.0,0,0,0.0,0.0,0,0,0.0,0.0,0.0,807.4283407,2477.0,0.0,2477.0,2477.0,0.0,0.0,0.0,0.0,0.0,2477.0,2477.0,0.0,2477.0,2477.0,0,64,0.0,807.4283407,0,0,0.0,0.0,0.0,0.0,0.0,0.0,0.0,0.0,0.0,0.0,0.0,0.0
6,4403,0,2,0.0,0.0,0,0,0.0,0.0,0,0,0.0,0.0,0.0,454.2357484,4403.0,0.0,4403.0,4403.0,0.0,0.0,0.0,0.0,0.0,4403.0,4403.0,0.0,4403.0,4403.0,0,64,0.0,454.2357484,0,0,0.0,0.0,0.0,0.0,0.0,0.0,0.0,0.0,0.0,0.0,0.0,0.0
6,2358,0,2,0.0,0.0,0,0,0.0,0.0,0,0,0.0,0.0,0.0,848.1764207,2358.0,0.0,2358.0,2358.0,0.0,0.0,0.0,0.0,0.0,2358.0,2358.0,0.0,2358.0,2358.0,0,64,0.0,848.1764207,0,0,0.0,0.0,0.0,0.0,0.0,0.0,0.0,0.0,0.0,0.0,0.0,0.0
6,3070,0,2,0.0,0.0,0,0,0.0,0.0,0,0,0.0,0.0,0.0,651.465798,3070.0,0.0,3070.0,3070.0,0.0,0.0,0.0,0.0,0.0,3070.0,3070.0,0.0,3070.0,3070.0,0,64,0.0,651.465798,0,0,0.0,0.0,0.0,0.0,0.0,0.0,0.0,0.0,0.0,0.0,0.0,0.0
6,3192,2,2,0.0,0.0,0,0,0.0,0.0,0,0,0.0,0.0,0.0,1253.132832,1064.0,1687.624662,3011.0,20.0,161.0,161.0,0.0,161.0,161.0,20.0,20.0,0.0,20.0,20.0,64,80,626.566416,626.566416,0,0,0.0,0.0,0.0,0.0,0.0,0.0,0.0,0.0,0.0,0.0,0.0,0.0
6,2808,0,2,0.0,0.0,0,0,0.0,0.0,0,0,0.0,0.0,0.0,712.2507123,2808.0,0.0,2808.0,2808.0,0.0,0.0,0.0,0.0,0.0,2808.0,2808.0,0.0,2808.0,2808.0,0,64,0.0,712.2507123,0,0,0.0,0.0,0.0,0.0,0.0,0.0,0.0,0.0,0.0,0.0,0.0,0.0
6,3260,0,2,0.0,0.0,0,0,0.0,0.0,0,0,0.0,0.0,0.0,613.4969325,3260.0,0.0,3260.0,3260.0,0.0,0.0,0.0,0.0,0.0,3260.0,3260.0,0.0,3260.0,3260.0,0,64,0.0,613.4969325,0,0,0.0,0.0,0.0,0.0,0.0,0.0,0.0,0.0,0.0,0.0,0.0,0.0
6,1998,0,2,0.0,0.0,0,0,0.0,0.0,0,0,0.0,0.0,0.0,1001.001001,1998.0,0.0,1998.0,1998.0,0.0,0.0,0.0,0.0,0.0,1998.0,1998.0,0.0,1998.0,1998.0,0,64,0.0,1001.001001,0,0,0.0,0.0,0.0,0.0,0.0,0.0,0.0,0.0,0.0,0.0,0.0,0.0
6,2305,0,2,0.0,0.0,0,0,0.0,0.0,0,0,0.0,0.0,0.0,867.6789588,2305.0,0.0,2305.0,2305.0,0.0,0.0,0.0,0.0,0.0,2305.0,2305.0,0.0,2305.0,2305.0,0,64,0.0,867.6789588,0,0,0.0,0.0,0.0,0.0,0.0,0.0,0.0,0.0,0.0,0.0,0.0,0.0
6,2500,0,2,0.0,0.0,0,0,0.0,0.0,0,0,0.0,0.0,0.0,800.0,2500.0,0.0,2500.0,2500.0,0.0,0.0,0.0,0.0,0.0,2500.0,2500.0,0.0,2500.0,2500.0,0,64,0.0,800.0,0,0,0.0,0.0,0.0,0.0,0.0,0.0,0.0,0.0,0.0,0.0,0.0,0.0
6,2639,0,2,0.0,0.0,0,0,0.0,0.0,0,0,0.0,0.0,0.0,757.8628268,2639.0,0.0,2639.0,2639.0,0.0,0.0,0.0,0.0,0.0,2639.0,2639.0,0.0,2639.0,2639.0,0,64,0.0,757.8628268,0,0,0.0,0.0,0.0,0.0,0.0,0.0,0.0,0.0,0.0,0.0,0.0,0.0
6,7563,4,4,30.0,30.0,30,0,7.5,15.0,30,0,7.5,15.0,7933.359778,1057.781304,1080.428571,1296.168566,3230.0,9.0,4324.0,1441.333333,2018.518351,3771.0,214.0,4911.0,1637.0,1814.373721,3593.0,9.0,128,144,528.8906519,528.8906519,0,30,6.666666667,13.22875656,175.0,7.5,0.0,0.0,0.0,0.0,0.0,0.0,0.0,0.0
6,4460,0,2,0.0,0.0,0,0,0.0,0.0,0,0,0.0,0.0,0.0,448.4304933,4460.0,0.0,4460.0,4460.0,0.0,0.0,0.0,0.0,0.0,4460.0,4460.0,0.0,4460.0,4460.0,0,64,0.0,448.4304933,0,0,0.0,0.0,0.0,0.0,0.0,0.0,0.0,0.0,0.0,0.0,0.0,0.0
6,3979,0,2,0.0,0.0,0,0,0.0,0.0,0,0,0.0,0.0,0.0,502.638854,3979.0,0.0,3979.0,3979.0,0.0,0.0,0.0,0.0,0.0,3979.0,3979.0,0.0,3979.0,3979.0,0,64,0.0,502.638854,0,0,0.0,0.0,0.0,0.0,0.0,0.0,0.0,0.0,0.0,0.0,0.0,0.0
6,2894,0,2,0.0,0.0,0,0,0.0,0.0,0,0,0.0,0.0,0.0,691.0850035,2894.0,0.0,2894.0,2894.0,0.0,0.0,0.0,0.0,0.0,2894.0,2894.0,0.0,2894.0,2894.0,0,64,0.0,691.0850035,0,0,0.0,0.0,0.0,0.0,0.0,0.0,0.0,0.0,0.0,0.0,0.0,0.0
6,5853,0,2,0.0,0.0,0,0,0.0,0.0,0,0,0.0,0.0,0.0,341.7051085,5853.0,0.0,5853.0,5853.0,0.0,0.0,0.0,0.0,0.0,5853.0,5853.0,0.0,5853.0,5853.0,0,64,0.0,341.7051085,0,0,0.0,0.0,0.0,0.0,0.0,0.0,0.0,0.0,0.0,0.0,0.0,0.0
6,2437,0,2,0.0,0.0,0,0,0.0,0.0,0,0,0.0,0.0,0.0,820.6811654,2437.0,0.0,2437.0,2437.0,0.0,0.0,0.0,0.0,0.0,2437.0,2437.0,0.0,2437.0,2437.0,0,64,0.0,820.6811654,0,0,0.0,0.0,0.0,0.0,0.0,0.0,0.0,0.0,0.0,0.0,0.0,0.0
6,7685,4,4,30.0,30.0,30,0,7.5,15.0,30,0,7.5,15.0,7807.417046,1040.988939,1097.857143,1317.933411,3434.0,7.0,5500.0,1833.333333,2658.343344,4900.0,184.0,3835.0,1278.333333,1188.345208,2366.0,10.0,128,144,520.4944697,520.4944697,0,30,6.666666667,13.22875656,175.0,7.5,0.0,0.0,0.0,0.0,0.0,0.0,0.0,0.0
6,2875,0,2,0.0,0.0,0,0,0.0,0.0,0,0,0.0,0.0,0.0,695.6521739,2875.0,0.0,2875.0,2875.0,0.0,0.0,0.0,0.0,0.0,2875.0,2875.0,0.0,2875.0,2875.0,0,64,0.0,695.6521739,0,0,0.0,0.0,0.0,0.0,0.0,0.0,0.0,0.0,0.0,0.0,0.0,0.0
6,4010,0,2,0.0,0.0,0,0,0.0,0.0,0,0,0.0,0.0,0.0,498.7531172,4010.0,0.0,4010.0,4010.0,0.0,0.0,0.0,0.0,0.0,4010.0,4010.0,0.0,4010.0,4010.0,0,64,0.0,498.7531172,0,0,0.0,0.0,0.0,0.0,0.0,0.0,0.0,0.0,0.0,0.0,0.0,0.0
6,2464,0,2,0.0,0.0,0,0,0.0,0.0,0,0,0.0,0.0,0.0,811.6883117,2464.0,0.0,2464.0,2464.0,0.0,0.0,0.0,0.0,0.0,2464.0,2464.0,0.0,2464.0,2464.0,0,64,0.0,811.6883117,0,0,0.0,0.0,0.0,0.0,0.0,0.0,0.0,0.0,0.0,0.0,0.0,0.0
6,2818,0,2,0.0,0.0,0,0,0.0,0.0,0,0,0.0,0.0,0.0,709.7232079,2818.0,0.0,2818.0,2818.0,0.0,0.0,0.0,0.0,0.0,2818.0,2818.0,0.0,2818.0,2818.0,0,64,0.0,709.7232079,0,0,0.0,0.0,0.0,0.0,0.0,0.0,0.0,0.0,0.0,0.0,0.0,0.0
6,3479,0,2,0.0,0.0,0,0,0.0,0.0,0,0,0.0,0.0,0.0,574.8778385,3479.0,0.0,3479.0,3479.0,0.0,0.0,0.0,0.0,0.0,3479.0,3479.0,0.0,3479.0,3479.0,0,64,0.0,574.8778385,0,0,0.0,0.0,0.0,0.0,0.0,0.0,0.0,0.0,0.0,0.0,0.0,0.0
6,2694,0,2,0.0,0.0,0,0,0.0,0.0,0,0,0.0,0.0,0.0,742.3904974,2694.0,0.0,2694.0,2694.0,0.0,0.0,0.0,0.0,0.0,2694.0,2694.0,0.0,2694.0,2694.0,0,64,0.0,742.3904974,0,0,0.0,0.0,0.0,0.0,0.0,0.0,0.0,0.0,0.0,0.0,0.0,0.0
6,2859,2,2,0.0,0.0,0,0,0.0,0.0,0,0,0.0,0.0,0.0,1399.090591,953.0,1498.175223,2681.0,18.0,160.0,160.0,0.0,160.0,160.0,18.0,18.0,0.0,18.0,18.0,64,80,699.5452956,699.5452956,0,0,0.0,0.0,0.0,0.0,0.0,0.0,0.0,0.0,0.0,0.0,0.0,0.0
6,2438,0,2,0.0,0.0,0,0,0.0,0.0,0,0,0.0,0.0,0.0,820.3445447,2438.0,0.0,2438.0,2438.0,0.0,0.0,0.0,0.0,0.0,2438.0,2438.0,0.0,2438.0,2438.0,0,64,0.0,820.3445447,0,0,0.0,0.0,0.0,0.0,0.0,0.0,0.0,0.0,0.0,0.0,0.0,0.0
6,2563,0,2,0.0,0.0,0,0,0.0,0.0,0,0,0.0,0.0,0.0,780.3355443,2563.0,0.0,2563.0,2563.0,0.0,0.0,0.0,0.0,0.0,2563.0,2563.0,0.0,2563.0,2563.0,0,64,0.0,780.3355443,0,0,0.0,0.0,0.0,0.0,0.0,0.0,0.0,0.0,0.0,0.0,0.0,0.0
6,4104,0,2,0.0,0.0,0,0,0.0,0.0,0,0,0.0,0.0,0.0,487.3294347,4104.0,0.0,4104.0,4104.0,0.0,0.0,0.0,0.0,0.0,4104.0,4104.0,0.0,4104.0,4104.0,0,64,0.0,487.3294347,0,0,0.0,0.0,0.0,0.0,0.0,0.0,0.0,0.0,0.0,0.0,0.0,0.0
6,2721,0,2,0.0,0.0,0,0,0.0,0.0,0,0,0.0,0.0,0.0,735.0238883,2721.0,0.0,2721.0,2721.0,0.0,0.0,0.0,0.0,0.0,2721.0,2721.0,0.0,2721.0,2721.0,0,64,0.0,735.0238883,0,0,0.0,0.0,0.0,0.0,0.0,0.0,0.0,0.0,0.0,0.0,0.0,0.0
6,2398,0,2,0.0,0.0,0,0,0.0,0.0,0,0,0.0,0.0,0.0,834.028357,2398.0,0.0,2398.0,2398.0,0.0,0.0,0.0,0.0,0.0,2398.0,2398.0,0.0,2398.0,2398.0,0,64,0.0,834.028357,0,0,0.0,0.0,0.0,0.0,0.0,0.0,0.0,0.0,0.0,0.0,0.0,0.0
6,8003,4,4,30.0,30.0,30,0,7.5,15.0,30,0,7.5,15.0,7497.188554,999.6251406,1143.285714,1357.98941,3125.0,14.0,4965.0,1655.0,2139.53523,4125.0,376.0,4414.0,1471.333333,1760.225648,3427.0,14.0,128,144,499.8125703,499.8125703,0,30,6.666666667,13.22875656,175.0,7.5,0.0,0.0,0.0,0.0,0.0,0.0,0.0,0.0
6,3503,0,2,0.0,0.0,0,0,0.0,0.0,0,0,0.0,0.0,0.0,570.939195,3503.0,0.0,3503.0,3503.0,0.0,0.0,0.0,0.0,0.0,3503.0,3503.0,0.0,3503.0,3503.0,0,64,0.0,570.939195,0,0,0.0,0.0,0.0,0.0,0.0,0.0,0.0,0.0,0.0,0.0,0.0,0.0
6,2277,0,2,0.0,0.0,0,0,0.0,0.0,0,0,0.0,0.0,0.0,878.3487044,2277.0,0.0,2277.0,2277.0,0.0,0.0,0.0,0.0,0.0,2277.0,2277.0,0.0,2277.0,2277.0,0,64,0.0,878.3487044,0,0,0.0,0.0,0.0,0.0,0.0,0.0,0.0,0.0,0.0,0.0,0.0,0.0
6,7823,0,2,0.0,0.0,0,0,0.0,0.0,0,0,0.0,0.0,0.0,255.6563978,7823.0,0.0,7823.0,7823.0,0.0,0.0,0.0,0.0,0.0,7823.0,7823.0,0.0,7823.0,7823.0,0,64,0.0,255.6563978,0,0,0.0,0.0,0.0,0.0,0.0,0.0,0.0,0.0,0.0,0.0,0.0,0.0
6,5834,0,2,0.0,0.0,0,0,0.0,0.0,0,0,0.0,0.0,0.0,342.8179637,5834.0,0.0,5834.0,5834.0,0.0,0.0,0.0,0.0,0.0,5834.0,5834.0,0.0,5834.0,5834.0,0,64,0.0,342.8179637,0,0,0.0,0.0,0.0,0.0,0.0,0.0,0.0,0.0,0.0,0.0,0.0,0.0
6,3876,0,2,0.0,0.0,0,0,0.0,0.0,0,0,0.0,0.0,0.0,515.995872,3876.0,0.0,3876.0,3876.0,0.0,0.0,0.0,0.0,0.0,3876.0,3876.0,0.0,3876.0,3876.0,0,64,0.0,515.995872,0,0,0.0,0.0,0.0,0.0,0.0,0.0,0.0,0.0,0.0,0.0,0.0,0.0
6,11079,4,4,30.0,30.0,30,0,7.5,15.0,30,0,7.5,15.0,5415.651232,722.0868309,1582.714286,1837.507344,5044.0,9.0,8637.0,2879.0,3115.889761,6271.0,144.0,5891.0,1963.666667,2418.278382,4668.0,9.0,128,144,361.0434155,361.0434155,0,30,6.666666667,13.22875656,175.0,7.5,0.0,0.0,0.0,0.0,0.0,0.0,0.0,0.0
6,2649,0,2,0.0,0.0,0,0,0.0,0.0,0,0,0.0,0.0,0.0,755.0018875,2649.0,0.0,2649.0,2649.0,0.0,0.0,0.0,0.0,0.0,2649.0,2649.0,0.0,2649.0,2649.0,0,64,0.0,755.0018875,0,0,0.0,0.0,0.0,0.0,0.0,0.0,0.0,0.0,0.0,0.0,0.0,0.0
6,3393,0,2,0.0,0.0,0,0,0.0,0.0,0,0,0.0,0.0,0.0,589.4488653,3393.0,0.0,3393.0,3393.0,0.0,0.0,0.0,0.0,0.0,3393.0,3393.0,0.0,3393.0,3393.0,0,64,0.0,589.4488653,0,0,0.0,0.0,0.0,0.0,0.0,0.0,0.0,0.0,0.0,0.0,0.0,0.0
6,2847,0,2,0.0,0.0,0,0,0.0,0.0,0,0,0.0,0.0,0.0,702.4938532,2847.0,0.0,2847.0,2847.0,0.0,0.0,0.0,0.0,0.0,2847.0,2847.0,0.0,2847.0,2847.0,0,64,0.0,702.4938532,0,0,0.0,0.0,0.0,0.0,0.0,0.0,0.0,0.0,0.0,0.0,0.0,0.0
6,4842,0,2,0.0,0.0,0,0,0.0,0.0,0,0,0.0,0.0,0.0,413.0524577,4842.0,0.0,4842.0,4842.0,0.0,0.0,0.0,0.0,0.0,4842.0,4842.0,0.0,4842.0,4842.0,0,64,0.0,413.0524577,0,0,0.0,0.0,0.0,0.0,0.0,0.0,0.0,0.0,0.0,0.0,0.0,0.0
6,2843,0,2,0.0,0.0,0,0,0.0,0.0,0,0,0.0,0.0,0.0,703.4822371,2843.0,0.0,2843.0,2843.0,0.0,0.0,0.0,0.0,0.0,2843.0,2843.0,0.0,2843.0,2843.0,0,64,0.0,703.4822371,0,0,0.0,0.0,0.0,0.0,0.0,0.0,0.0,0.0,0.0,0.0,0.0,0.0
6,3301,0,2,0.0,0.0,0,0,0.0,0.0,0,0,0.0,0.0,0.0,605.877007,3301.0,0.0,3301.0,3301.0,0.0,0.0,0.0,0.0,0.0,3301.0,3301.0,0.0,3301.0,3301.0,0,64,0.0,605.877007,0,0,0.0,0.0,0.0,0.0,0.0,0.0,0.0,0.0,0.0,0.0,0.0,0.0
6,6282,2,2,0.0,0.0,0,0,0.0,0.0,0,0,0.0,0.0,0.0,636.7398918,2094.0,3028.303981,5569.0,19.0,694.0,694.0,0.0,694.0,694.0,19.0,19.0,0.0,19.0,19.0,64,80,318.3699459,318.3699459,0,0,0.0,0.0,0.0,0.0,0.0,0.0,0.0,0.0,0.0,0.0,0.0,0.0
6,5167,0,2,0.0,0.0,0,0,0.0,0.0,0,0,0.0,0.0,0.0,387.0718018,5167.0,0.0,5167.0,5167.0,0.0,0.0,0.0,0.0,0.0,5167.0,5167.0,0.0,5167.0,5167.0,0,64,0.0,387.0718018,0,0,0.0,0.0,0.0,0.0,0.0,0.0,0.0,0.0,0.0,0.0,0.0,0.0
6,2545,0,2,0.0,0.0,0,0,0.0,0.0,0,0,0.0,0.0,0.0,785.8546169,2545.0,0.0,2545.0,2545.0,0.0,0.0,0.0,0.0,0.0,2545.0,2545.0,0.0,2545.0,2545.0,0,64,0.0,785.8546169,0,0,0.0,0.0,0.0,0.0,0.0,0.0,0.0,0.0,0.0,0.0,0.0,0.0
6,2947,0,2,0.0,0.0,0,0,0.0,0.0,0,0,0.0,0.0,0.0,678.6562606,2947.0,0.0,2947.0,2947.0,0.0,0.0,0.0,0.0,0.0,2947.0,2947.0,0.0,2947.0,2947.0,0,64,0.0,678.6562606,0,0,0.0,0.0,0.0,0.0,0.0,0.0,0.0,0.0,0.0,0.0,0.0,0.0
6,3079,0,2,0.0,0.0,0,0,0.0,0.0,0,0,0.0,0.0,0.0,649.561546,3079.0,0.0,3079.0,3079.0,0.0,0.0,0.0,0.0,0.0,3079.0,3079.0,0.0,3079.0,3079.0,0,64,0.0,649.561546,0,0,0.0,0.0,0.0,0.0,0.0,0.0,0.0,0.0,0.0,0.0,0.0,0.0
6,3939,0,2,0.0,0.0,0,0,0.0,0.0,0,0,0.0,0.0,0.0,507.743082,3939.0,0.0,3939.0,3939.0,0.0,0.0,0.0,0.0,0.0,3939.0,3939.0,0.0,3939.0,3939.0,0,64,0.0,507.743082,0,0,0.0,0.0,0.0,0.0,0.0,0.0,0.0,0.0,0.0,0.0,0.0,0.0
6,5018,0,2,0.0,0.0,0,0,0.0,0.0,0,0,0.0,0.0,0.0,398.5651654,5018.0,0.0,5018.0,5018.0,0.0,0.0,0.0,0.0,0.0,5018.0,5018.0,0.0,5018.0,5018.0,0,64,0.0,398.5651654,0,0,0.0,0.0,0.0,0.0,0.0,0.0,0.0,0.0,0.0,0.0,0.0,0.0
6,3317,0,2,0.0,0.0,0,0,0.0,0.0,0,0,0.0,0.0,0.0,602.9544769,3317.0,0.0,3317.0,3317.0,0.0,0.0,0.0,0.0,0.0,3317.0,3317.0,0.0,3317.0,3317.0,0,64,0.0,602.9544769,0,0,0.0,0.0,0.0,0.0,0.0,0.0,0.0,0.0,0.0,0.0,0.0,0.0
6,9719,4,4,30.0,30.0,30,0,7.5,15.0,30,0,7.5,15.0,6173.474637,823.1299516,1388.428571,1654.471704,4551.0,12.0,5141.0,1713.666667,1847.190389,3844.0,557.0,6537.0,2179.0,2769.048934,5303.0,27.0,128,144,411.5649758,411.5649758,0,30,6.666666667,13.22875656,175.0,7.5,0.0,0.0,0.0,0.0,0.0,0.0,0.0,0.0
6,2493,0,2,0.0,0.0,0,0,0.0,0.0,0,0,0.0,0.0,0.0,802.2462896,2493.0,0.0,2493.0,2493.0,0.0,0.0,0.0,0.0,0.0,2493.0,2493.0,0.0,2493.0,2493.0,0,64,0.0,802.2462896,0,0,0.0,0.0,0.0,0.0,0.0,0.0,0.0,0.0,0.0,0.0,0.0,0.0
6,2909,0,2,0.0,0.0,0,0,0.0,0.0,0,0,0.0,0.0,0.0,687.521485,2909.0,0.0,2909.0,2909.0,0.0,0.0,0.0,0.0,0.0,2909.0,2909.0,0.0,2909.0,2909.0,0,64,0.0,687.521485,0,0,0.0,0.0,0.0,0.0,0.0,0.0,0.0,0.0,0.0,0.0,0.0,0.0
6,2196,0,2,0.0,0.0,0,0,0.0,0.0,0,0,0.0,0.0,0.0,910.7468124,2196.0,0.0,2196.0,2196.0,0.0,0.0,0.0,0.0,0.0,2196.0,2196.0,0.0,2196.0,2196.0,0,64,0.0,910.7468124,0,0,0.0,0.0,0.0,0.0,0.0,0.0,0.0,0.0,0.0,0.0,0.0,0.0
6,2037,0,2,0.0,0.0,0,0,0.0,0.0,0,0,0.0,0.0,0.0,981.8360334,2037.0,0.0,2037.0,2037.0,0.0,0.0,0.0,0.0,0.0,2037.0,2037.0,0.0,2037.0,2037.0,0,64,0.0,981.8360334,0,0,0.0,0.0,0.0,0.0,0.0,0.0,0.0,0.0,0.0,0.0,0.0,0.0
6,7955,4,4,30.0,30.0,30,0,7.5,15.0,30,0,7.5,15.0,7542.426147,1005.65682,1136.428571,1288.345561,3090.0,11.0,5322.0,1774.0,2461.936636,4612.0,212.0,4367.0,1455.666667,1417.810048,2845.0,11.0,128,144,502.8284098,502.8284098,0,30,6.666666667,13.22875656,175.0,7.5,0.0,0.0,0.0,0.0,0.0,0.0,0.0,0.0
6,2410,0,2,0.0,0.0,0,0,0.0,0.0,0,0,0.0,0.0,0.0,829.8755187,2410.0,0.0,2410.0,2410.0,0.0,0.0,0.0,0.0,0.0,2410.0,2410.0,0.0,2410.0,2410.0,0,64,0.0,829.8755187,0,0,0.0,0.0,0.0,0.0,0.0,0.0,0.0,0.0,0.0,0.0,0.0,0.0
6,3011,0,2,0.0,0.0,0,0,0.0,0.0,0,0,0.0,0.0,0.0,664.2311524,3011.0,0.0,3011.0,3011.0,0.0,0.0,0.0,0.0,0.0,3011.0,3011.0,0.0,3011.0,3011.0,0,64,0.0,664.2311524,0,0,0.0,0.0,0.0,0.0,0.0,0.0,0.0,0.0,0.0,0.0,0.0,0.0
6,2845,0,2,0.0,0.0,0,0,0.0,0.0,0,0,0.0,0.0,0.0,702.9876977,2845.0,0.0,2845.0,2845.0,0.0,0.0,0.0,0.0,0.0,2845.0,2845.0,0.0,2845.0,2845.0,0,64,0.0,702.9876977,0,0,0.0,0.0,0.0,0.0,0.0,0.0,0.0,0.0,0.0,0.0,0.0,0.0
6,2539,0,2,0.0,0.0,0,0,0.0,0.0,0,0,0.0,0.0,0.0,787.7116975,2539.0,0.0,2539.0,2539.0,0.0,0.0,0.0,0.0,0.0,2539.0,2539.0,0.0,2539.0,2539.0,0,64,0.0,787.7116975,0,0,0.0,0.0,0.0,0.0,0.0,0.0,0.0,0.0,0.0,0.0,0.0,0.0
6,2635,0,2,0.0,0.0,0,0,0.0,0.0,0,0,0.0,0.0,0.0,759.0132827,2635.0,0.0,2635.0,2635.0,0.0,0.0,0.0,0.0,0.0,2635.0,2635.0,0.0,2635.0,2635.0,0,64,0.0,759.0132827,0,0,0.0,0.0,0.0,0.0,0.0,0.0,0.0,0.0,0.0,0.0,0.0,0.0
6,12606,0,2,0.0,0.0,0,0,0.0,0.0,0,0,0.0,0.0,0.0,158.6546089,12606.0,0.0,12606.0,12606.0,0.0,0.0,0.0,0.0,0.0,12606.0,12606.0,0.0,12606.0,12606.0,0,64,0.0,158.6546089,0,0,0.0,0.0,0.0,0.0,0.0,0.0,0.0,0.0,0.0,0.0,0.0,0.0
6,4521,2,2,0.0,0.0,0,0,0.0,0.0,0,0,0.0,0.0,0.0,884.7600088,1507.0,2375.891622,4247.0,18.0,256.0,256.0,0.0,256.0,256.0,18.0,18.0,0.0,18.0,18.0,64,80,442.3800044,442.3800044,0,0,0.0,0.0,0.0,0.0,0.0,0.0,0.0,0.0,0.0,0.0,0.0,0.0
6,2194,0,2,0.0,0.0,0,0,0.0,0.0,0,0,0.0,0.0,0.0,911.5770283,2194.0,0.0,2194.0,2194.0,0.0,0.0,0.0,0.0,0.0,2194.0,2194.0,0.0,2194.0,2194.0,0,64,0.0,911.5770283,0,0,0.0,0.0,0.0,0.0,0.0,0.0,0.0,0.0,0.0,0.0,0.0,0.0
6,4279,0,2,0.0,0.0,0,0,0.0,0.0,0,0,0.0,0.0,0.0,467.398925,4279.0,0.0,4279.0,4279.0,0.0,0.0,0.0,0.0,0.0,4279.0,4279.0,0.0,4279.0,4279.0,0,64,0.0,467.398925,0,0,0.0,0.0,0.0,0.0,0.0,0.0,0.0,0.0,0.0,0.0,0.0,0.0
6,3064,0,2,0.0,0.0,0,0,0.0,0.0,0,0,0.0,0.0,0.0,652.7415144,3064.0,0.0,3064.0,3064.0,0.0,0.0,0.0,0.0,0.0,3064.0,3064.0,0.0,3064.0,3064.0,0,64,0.0,652.7415144,0,0,0.0,0.0,0.0,0.0,0.0,0.0,0.0,0.0,0.0,0.0,0.0,0.0
6,3982,0,2,0.0,0.0,0,0,0.0,0.0,0,0,0.0,0.0,0.0,502.2601708,3982.0,0.0,3982.0,3982.0,0.0,0.0,0.0,0.0,0.0,3982.0,3982.0,0.0,3982.0,3982.0,0,64,0.0,502.2601708,0,0,0.0,0.0,0.0,0.0,0.0,0.0,0.0,0.0,0.0,0.0,0.0,0.0
6,2555,0,2,0.0,0.0,0,0,0.0,0.0,0,0,0.0,0.0,0.0,782.778865,2555.0,0.0,2555.0,2555.0,0.0,0.0,0.0,0.0,0.0,2555.0,2555.0,0.0,2555.0,2555.0,0,64,0.0,782.778865,0,0,0.0,0.0,0.0,0.0,0.0,0.0,0.0,0.0,0.0,0.0,0.0,0.0
6,8429,4,4,30.0,30.0,30,0,7.5,15.0,30,0,7.5,15.0,7118.282121,949.1042828,1204.142857,1583.859361,4162.0,8.0,4259.0,1419.666667,1871.1647,3575.0,211.0,5381.0,1793.666667,2295.553601,4383.0,8.0,128,144,474.5521414,474.5521414,0,30,6.666666667,13.22875656,175.0,7.5,0.0,0.0,0.0,0.0,0.0,0.0,0.0,0.0
6,6700,0,2,0.0,0.0,0,0,0.0,0.0,0,0,0.0,0.0,0.0,298.5074627,6700.0,0.0,6700.0,6700.0,0.0,0.0,0.0,0.0,0.0,6700.0,6700.0,0.0,6700.0,6700.0,0,64,0.0,298.5074627,0,0,0.0,0.0,0.0,0.0,0.0,0.0,0.0,0.0,0.0,0.0,0.0,0.0
6,2469,0,2,0.0,0.0,0,0,0.0,0.0,0,0,0.0,0.0,0.0,810.0445525,2469.0,0.0,2469.0,2469.0,0.0,0.0,0.0,0.0,0.0,2469.0,2469.0,0.0,2469.0,2469.0,0,64,0.0,810.0445525,0,0,0.0,0.0,0.0,0.0,0.0,0.0,0.0,0.0,0.0,0.0,0.0,0.0
6,3539,0,2,0.0,0.0,0,0,0.0,0.0,0,0,0.0,0.0,0.0,565.131393,3539.0,0.0,3539.0,3539.0,0.0,0.0,0.0,0.0,0.0,3539.0,3539.0,0.0,3539.0,3539.0,0,64,0.0,565.131393,0,0,0.0,0.0,0.0,0.0,0.0,0.0,0.0,0.0,0.0,0.0,0.0,0.0
6,3270,0,2,0.0,0.0,0,0,0.0,0.0,0,0,0.0,0.0,0.0,611.6207951,3270.0,0.0,3270.0,3270.0,0.0,0.0,0.0,0.0,0.0,3270.0,3270.0,0.0,3270.0,3270.0,0,64,0.0,611.6207951,0,0,0.0,0.0,0.0,0.0,0.0,0.0,0.0,0.0,0.0,0.0,0.0,0.0
6,2606,0,2,0.0,0.0,0,0,0.0,0.0,0,0,0.0,0.0,0.0,767.4597084,2606.0,0.0,2606.0,2606.0,0.0,0.0,0.0,0.0,0.0,2606.0,2606.0,0.0,2606.0,2606.0,0,64,0.0,767.4597084,0,0,0.0,0.0,0.0,0.0,0.0,0.0,0.0,0.0,0.0,0.0,0.0,0.0
6,7339,4,4,30.0,30.0,30,0,7.5,15.0,30,0,7.5,15.0,8175.500749,1090.066767,1048.428571,1288.867831,3401.0,8.0,3930.0,1310.0,1767.804005,3329.0,40.0,4744.0,1581.333333,1743.015299,3455.0,8.0,128,144,545.0333833,545.0333833,0,30,6.666666667,13.22875656,175.0,7.5,0.0,0.0,0.0,0.0,0.0,0.0,0.0,0.0
6,2552,0,2,0.0,0.0,0,0,0.0,0.0,0,0,0.0,0.0,0.0,783.6990596,2552.0,0.0,2552.0,2552.0,0.0,0.0,0.0,0.0,0.0,2552.0,2552.0,0.0,2552.0,2552.0,0,64,0.0,783.6990596,0,0,0.0,0.0,0.0,0.0,0.0,0.0,0.0,0.0,0.0,0.0,0.0,0.0
6,2266,0,2,0.0,0.0,0,0,0.0,0.0,0,0,0.0,0.0,0.0,882.6125331,2266.0,0.0,2266.0,2266.0,0.0,0.0,0.0,0.0,0.0,2266.0,2266.0,0.0,2266.0,2266.0,0,64,0.0,882.6125331,0,0,0.0,0.0,0.0,0.0,0.0,0.0,0.0,0.0,0.0,0.0,0.0,0.0
6,3296,2,2,0.0,0.0,0,0,0.0,0.0,0,0,0.0,0.0,0.0,1213.592233,1098.666667,1882.171441,3272.0,6.0,6.0,6.0,0.0,6.0,6.0,18.0,18.0,0.0,18.0,18.0,64,80,606.7961165,606.7961165,0,0,0.0,0.0,0.0,0.0,0.0,0.0,0.0,0.0,0.0,0.0,0.0,0.0
6,7031,4,4,30.0,30.0,30,0,7.5,15.0,30,0,7.5,15.0,8533.636752,1137.818234,1004.428571,1206.605135,2894.0,9.0,4605.0,1535.0,2226.203719,4104.0,172.0,3808.0,1269.333333,1295.851972,2598.0,9.0,128,144,568.9091168,568.9091168,0,30,6.666666667,13.22875656,175.0,7.5,0.0,0.0,0.0,0.0,0.0,0.0,0.0,0.0
6,10277,4,4,30.0,30.0,30,0,7.5,15.0,30,0,7.5,15.0,5838.279654,778.4372871,1468.142857,2005.303005,5699.0,8.0,8080.0,2693.333333,3476.261833,6707.0,639.0,3844.0,1281.333333,1435.47704,2837.0,8.0,128,144,389.2186436,389.2186436,0,30,6.666666667,13.22875656,175.0,7.5,0.0,0.0,0.0,0.0,0.0,0.0,0.0,0.0
6,8665,2,2,0.0,0.0,0,0,0.0,0.0,0,0,0.0,0.0,0.0,461.627236,2888.333333,4838.618536,8475.0,31.0,159.0,159.0,0.0,159.0,159.0,31.0,31.0,0.0,31.0,31.0,64,80,230.813618,230.813618,0,0,0.0,0.0,0.0,0.0,0.0,0.0,0.0,0.0,0.0,0.0,0.0,0.0
6,10874,4,4,30.0,30.0,30,0,7.5,15.0,30,0,7.5,15.0,5517.748759,735.6998345,1553.428571,2276.839466,6010.0,8.0,4853.0,1617.666667,2483.389686,4485.0,152.0,7539.0,2513.0,3285.711947,6234.0,11.0,128,144,367.8499172,367.8499172,0,30,6.666666667,13.22875656,175.0,7.5,0.0,0.0,0.0,0.0,0.0,0.0,0.0,0.0
6,21188,4,4,30.0,30.0,30,0,7.5,15.0,30,0,7.5,15.0,2831.79158,377.5722107,3026.857143,3983.167225,10811.0,14.0,10363.0,3454.333333,4859.605883,9065.0,571.0,15323.0,5107.666667,5793.994506,11411.0,14.0,128,144,188.7861053,188.7861053,0,30,6.666666667,13.22875656,175.0,7.5,0.0,0.0,0.0,0.0,0.0,0.0,0.0,0.0
6,3330,2,2,0.0,0.0,0,0,0.0,0.0,0,0,0.0,0.0,0.0,1201.201201,1110.0,1789.963966,3176.0,25.0,129.0,129.0,0.0,129.0,129.0,25.0,25.0,0.0,25.0,25.0,64,80,600.6006006,600.6006006,0,0,0.0,0.0,0.0,0.0,0.0,0.0,0.0,0.0,0.0,0.0,0.0,0.0
6,7118,4,4,30.0,30.0,30,0,7.5,15.0,30,0,7.5,15.0,8429.334083,1123.911211,1016.857143,953.3218115,2434.0,8.0,4676.0,1558.666667,1496.364038,3256.0,430.0,4072.0,1357.333333,1450.905005,2892.0,8.0,128,144,561.9556055,561.9556055,0,30,6.666666667,13.22875656,175.0,7.5,0.0,0.0,0.0,0.0,0.0,0.0,0.0,0.0
6,10796,4,4,30.0,30.0,30,0,7.5,15.0,30,0,7.5,15.0,5557.613931,741.0151908,1542.285714,2024.539842,4809.0,8.0,5979.0,1993.0,2941.574578,5389.0,238.0,6438.0,2146.0,2611.046533,5056.0,8.0,128,144,370.5075954,370.5075954,0,30,6.666666667,13.22875656,175.0,7.5,0.0,0.0,0.0,0.0,0.0,0.0,0.0,0.0
6,6472,2,2,0.0,0.0,0,0,0.0,0.0,0,0,0.0,0.0,0.0,618.0469716,2157.333333,3141.435553,5766.0,34.0,672.0,672.0,0.0,672.0,672.0,34.0,34.0,0.0,34.0,34.0,64,80,309.0234858,309.0234858,0,0,0.0,0.0,0.0,0.0,0.0,0.0,0.0,0.0,0.0,0.0,0.0,0.0
6,8055,4,4,30.0,30.0,30,0,7.5,15.0,30,0,7.5,15.0,7448.789572,993.1719429,1150.714286,1656.615396,4337.0,6.0,3706.0,1235.333333,2031.40846,3581.0,60.0,5689.0,1896.333333,2260.684483,4403.0,12.0,128,144,496.5859714,496.5859714,0,30,6.666666667,13.22875656,175.0,7.5,0.0,0.0,0.0,0.0,0.0,0.0,0.0,0.0
6,11078,4,4,30.0,30.0,30,0,7.5,15.0,30,0,7.5,15.0,5416.140097,722.152013,1582.571429,1703.957341,4311.0,8.0,6759.0,2253.0,2845.286102,5514.0,276.0,7029.0,2343.0,2296.519323,4599.0,8.0,128,144,361.0760065,361.0760065,0,30,6.666666667,13.22875656,175.0,7.5,0.0,0.0,0.0,0.0,0.0,0.0,0.0,0.0
6,3508,2,2,0.0,0.0,0,0,0.0,0.0,0,0,0.0,0.0,0.0,1140.250855,1169.333333,1585.357478,2981.0,36.0,491.0,491.0,0.0,491.0,491.0,36.0,36.0,0.0,36.0,36.0,64,80,570.1254276,570.1254276,0,0,0.0,0.0,0.0,0.0,0.0,0.0,0.0,0.0,0.0,0.0,0.0,0.0
6,5816,4,4,30.0,30.0,30,0,7.5,15.0,30,0,7.5,15.0,10316.36864,1375.515818,830.8571429,932.4200464,2128.0,7.0,3787.0,1262.333333,1750.012952,3283.0,237.0,3451.0,1150.333333,1147.522694,2302.0,7.0,128,144,687.7579092,687.7579092,0,30,6.666666667,13.22875656,175.0,7.5,0.0,0.0,0.0,0.0,0.0,0.0,0.0,0.0
6,7423,4,4,30.0,30.0,30,0,7.5,15.0,30,0,7.5,15.0,8082.985316,1077.731375,1060.428571,1096.954702,2689.0,26.0,4940.0,1646.666667,1860.43606,3793.0,495.0,4082.0,1360.666667,1494.189189,2976.0,28.0,128,144,538.8656877,538.8656877,0,30,6.666666667,13.22875656,175.0,7.5,0.0,0.0,0.0,0.0,0.0,0.0,0.0,0.0
6,3408,2,2,0.0,0.0,0,0,0.0,0.0,0,0,0.0,0.0,0.0,1173.70892,1136.0,1876.195885,3302.0,15.0,91.0,91.0,0.0,91.0,91.0,15.0,15.0,0.0,15.0,15.0,64,80,586.8544601,586.8544601,0,0,0.0,0.0,0.0,0.0,0.0,0.0,0.0,0.0,0.0,0.0,0.0,0.0
6,7850,4,4,30.0,30.0,30,0,7.5,15.0,30,0,7.5,15.0,7643.312102,1019.10828,1121.428571,1400.636386,3419.0,7.0,4404.0,1468.0,2139.876632,3932.0,76.0,4778.0,1592.666667,1762.80638,3502.0,27.0,128,144,509.5541401,509.5541401,0,30,6.666666667,13.22875656,175.0,7.5,0.0,0.0,0.0,0.0,0.0,0.0,0.0,0.0
6,6441,4,4,30.0,30.0,30,0,7.5,15.0,30,0,7.5,15.0,9315.323707,1242.043161,920.1428571,879.6170433,2347.0,8.0,4085.0,1361.666667,1265.966166,2818.0,524.0,4134.0,1378.0,1574.128648,3098.0,9.0,128,144,621.0215805,621.0215805,0,30,6.666666667,13.22875656,175.0,7.5,0.0,0.0,0.0,0.0,0.0,0.0,0.0,0.0
6,2694,2,2,0.0,0.0,0,0,0.0,0.0,0,0,0.0,0.0,0.0,1484.780995,898.0,1179.388401,2241.0,31.0,422.0,422.0,0.0,422.0,422.0,31.0,31.0,0.0,31.0,31.0,64,80,742.3904974,742.3904974,0,0,0.0,0.0,0.0,0.0,0.0,0.0,0.0,0.0,0.0,0.0,0.0,0.0
6,8086,4,4,30.0,30.0,30,0,7.5,15.0,30,0,7.5,15.0,7420.232501,989.3643334,1155.142857,1673.557631,4273.0,5.0,5470.0,1823.333333,3020.473197,5310.0,5.0,3808.0,1269.333333,1396.467448,2770.0,8.0,128,144,494.6821667,494.6821667,0,30,6.666666667,13.22875656,175.0,7.5,0.0,0.0,0.0,0.0,0.0,0.0,0.0,0.0
6,10584,4,4,30.0,30.0,30,0,7.5,15.0,30,0,7.5,15.0,5668.93424,755.8578987,1512.0,1771.965199,4117.0,13.0,6454.0,2151.333333,2785.572173,5361.0,365.0,6325.0,2108.333333,2499.555427,4875.0,13.0,128,144,377.9289494,377.9289494,0,30,6.666666667,13.22875656,175.0,7.5,0.0,0.0,0.0,0.0,0.0,0.0,0.0,0.0
6,3383,2,2,0.0,0.0,0,0,0.0,0.0,0,0,0.0,0.0,0.0,1182.382501,1127.666667,1881.39691,3300.0,22.0,61.0,61.0,0.0,61.0,61.0,22.0,22.0,0.0,22.0,22.0,64,80,591.1912504,591.1912504,0,0,0.0,0.0,0.0,0.0,0.0,0.0,0.0,0.0,0.0,0.0,0.0,0.0
6,10781,4,4,30.0,30.0,30,0,7.5,15.0,30,0,7.5,15.0,5565.346443,742.0461924,1540.142857,2146.684842,5046.0,11.0,5716.0,1905.333333,3140.007378,5531.0,69.0,6622.0,2207.333333,2663.477864,5173.0,19.0,128,144,371.0230962,371.0230962,0,30,6.666666667,13.22875656,175.0,7.5,0.0,0.0,0.0,0.0,0.0,0.0,0.0,0.0
6,8761,4,4,30.0,30.0,30,0,7.5,15.0,30,0,7.5,15.0,6848.533272,913.1377697,1251.571429,1271.271654,3556.0,10.0,5195.0,1731.666667,1744.690326,3739.0,580.0,6260.0,2086.666667,2236.807621,4455.0,10.0,128,144,456.5688848,456.5688848,0,30,6.666666667,13.22875656,175.0,7.5,0.0,0.0,0.0,0.0,0.0,0.0,0.0,0.0
6,3112,2,2,0.0,0.0,0,0,0.0,0.0,0,0,0.0,0.0,0.0,1285.347044,1037.333333,1463.343546,2715.0,24.0,373.0,373.0,0.0,373.0,373.0,24.0,24.0,0.0,24.0,24.0,64,80,642.6735219,642.6735219,0,0,0.0,0.0,0.0,0.0,0.0,0.0,0.0,0.0,0.0,0.0,0.0,0.0
6,12516,4,4,30.0,30.0,30,0,7.5,15.0,30,0,7.5,15.0,4793.863854,639.1818472,1788.0,1441.22737,3872.0,12.0,8632.0,2877.333333,663.1156259,3609.0,2316.0,7419.0,2473.0,3286.319065,6205.0,12.0,128,144,319.5909236,319.5909236,0,30,6.666666667,13.22875656,175.0,7.5,0.0,0.0,0.0,0.0,0.0,0.0,0.0,0.0
6,11618,4,4,30.0,30.0,30,0,7.5,15.0,30,0,7.5,15.0,5164.400069,688.5866758,1659.714286,1977.416304,5183.0,10.0,6425.0,2141.666667,2357.796075,4742.0,143.0,8032.0,2677.333333,3578.447894,6744.0,10.0,128,144,344.2933379,344.2933379,0,30,6.666666667,13.22875656,175.0,7.5,0.0,0.0,0.0,0.0,0.0,0.0,0.0,0.0
6,4704,2,2,0.0,0.0,0,0,0.0,0.0,0,0,0.0,0.0,0.0,850.3401361,1568.0,2590.813965,4559.0,20.0,125.0,125.0,0.0,125.0,125.0,20.0,20.0,0.0,20.0,20.0,64,80,425.170068,425.170068,0,0,0.0,0.0,0.0,0.0,0.0,0.0,0.0,0.0,0.0,0.0,0.0,0.0
6,6932,4,4,30.0,30.0,30,0,7.5,15.0,30,0,7.5,15.0,8655.510675,1154.06809,990.2857143,1070.682292,2475.0,8.0,4475.0,1491.666667,1816.84626,3588.0,373.0,3943.0,1314.333333,1421.606603,2829.0,9.0,128,144,577.034045,577.034045,0,30,6.666666667,13.22875656,175.0,7.5,0.0,0.0,0.0,0.0,0.0,0.0,0.0,0.0
6,25526,12,14,30.0,305.0,30,0,2.5,8.660254038,30,0,21.78571429,13.53160728,13123.8737,1018.569302,1021.04,2109.659579,9810.0,-6.0,23376.0,2125.090909,3673.04861,12599.0,22.0,19385.0,1491.153846,2743.653915,9810.0,10.0,384,464,470.1089086,548.4603933,0,30,12.40740741,14.89517025,221.8660969,12.88461538,0.0,0.0,0.0,0.0,0.0,0.0,0.0,0.0
6,3441,2,2,0.0,0.0,0,0,0.0,0.0,0,0,0.0,0.0,0.0,1162.452775,1147.0,1610.439692,2991.0,17.0,433.0,433.0,0.0,433.0,433.0,17.0,17.0,0.0,17.0,17.0,64,80,581.2263877,581.2263877,0,0,0.0,0.0,0.0,0.0,0.0,0.0,0.0,0.0,0.0,0.0,0.0,0.0
6,12233,4,4,30.0,30.0,30,0,7.5,15.0,30,0,7.5,15.0,4904.765797,653.968773,1747.571429,1938.61788,4723.0,8.0,7502.0,2500.666667,2217.532262,4364.0,48.0,8867.0,2955.666667,4251.253266,7829.0,8.0,128,144,326.9843865,326.9843865,0,30,6.666666667,13.22875656,175.0,7.5,0.0,0.0,0.0,0.0,0.0,0.0,0.0,0.0
6,7110,4,4,30.0,30.0,30,0,7.5,15.0,30,0,7.5,15.0,8438.818565,1125.175809,1015.714286,1235.565014,2924.0,9.0,4558.0,1519.333333,2186.476923,4044.0,242.0,3944.0,1314.666667,1419.112516,2825.0,9.0,128,144,562.5879044,562.5879044,0,30,6.666666667,13.22875656,175.0,7.5,0.0,0.0,0.0,0.0,0.0,0.0,0.0,0.0
6,4843,2,2,0.0,0.0,0,0,0.0,0.0,0,0,0.0,0.0,0.0,825.9343382,1614.333333,2031.739239,3912.0,55.0,876.0,876.0,0.0,876.0,876.0,55.0,55.0,0.0,55.0,55.0,64,80,412.9671691,412.9671691,0,0,0.0,0.0,0.0,0.0,0.0,0.0,0.0,0.0,0.0,0.0,0.0,0.0
6,11025,4,4,30.0,30.0,30,0,7.5,15.0,30,0,7.5,15.0,5442.176871,725.6235828,1575.0,2119.106337,5451.0,1.0,7505.0,2501.666667,3757.797405,6823.0,1.0,5573.0,1857.666667,2147.352401,4214.0,11.0,128,144,362.8117914,362.8117914,0,30,6.666666667,13.22875656,175.0,7.5,0.0,0.0,0.0,0.0,0.0,0.0,0.0,0.0
6,10165,4,4,30.0,30.0,30,0,7.5,15.0,30,0,7.5,15.0,5902.606985,787.0142646,1452.142857,1764.639192,4596.0,8.0,5560.0,1853.333333,2123.140677,4224.0,127.0,5859.0,1953.0,2469.005468,4731.0,9.0,128,144,393.5071323,393.5071323,0,30,6.666666667,13.22875656,175.0,7.5,0.0,0.0,0.0,0.0,0.0,0.0,0.0,0.0
6,3120,2,2,0.0,0.0,0,0,0.0,0.0,0,0,0.0,0.0,0.0,1282.051282,1040.0,1749.419618,3060.0,17.0,43.0,43.0,0.0,43.0,43.0,17.0,17.0,0.0,17.0,17.0,64,80,641.025641,641.025641,0,0,0.0,0.0,0.0,0.0,0.0,0.0,0.0,0.0,0.0,0.0,0.0,0.0
6,7816,4,4,30.0,30.0,30,0,7.5,15.0,30,0,7.5,15.0,7676.560901,1023.541453,1116.571429,1325.47738,3063.0,8.0,4955.0,1651.666667,2305.778466,4314.0,296.0,4457.0,1485.666667,1613.969124,3208.0,8.0,128,144,511.7707267,511.7707267,0,30,6.666666667,13.22875656,175.0,7.5,0.0,0.0,0.0,0.0,0.0,0.0,0.0,0.0
6,6967,4,4,30.0,30.0,30,0,7.5,15.0,30,0,7.5,15.0,8612.028133,1148.270418,995.2857143,1220.474459,3047.0,7.0,3910.0,1303.333333,1857.143595,3445.0,138.0,4396.0,1465.333333,1608.2591,3192.0,10.0,128,144,574.1352088,574.1352088,0,30,6.666666667,13.22875656,175.0,7.5,0.0,0.0,0.0,0.0,0.0,0.0,0.0,0.0
6,3081,2,2,0.0,0.0,0,0,0.0,0.0,0,0,0.0,0.0,0.0,1298.279779,1027.0,1685.669897,2973.0,18.0,90.0,90.0,0.0,90.0,90.0,18.0,18.0,0.0,18.0,18.0,64,80,649.1398896,649.1398896,0,0,0.0,0.0,0.0,0.0,0.0,0.0,0.0,0.0,0.0,0.0,0.0,0.0
6,7594,4,4,30.0,30.0,30,0,7.5,15.0,30,0,7.5,15.0,7900.974454,1053.46326,1084.857143,1350.314708,3052.0,1.0,4758.0,1586.0,2464.210015,4425.0,1.0,4210.0,1403.333333,1438.725246,2881.0,7.0,128,144,526.7316302,526.7316302,0,30,6.666666667,13.22875656,175.0,7.5,0.0,0.0,0.0,0.0,0.0,0.0,0.0,0.0
6,6865,4,4,30.0,30.0,30,0,7.5,15.0,30,0,7.5,15.0,8739.985433,1165.331391,980.7142857,940.3245387,2344.0,10.0,4787.0,1595.666667,1777.491022,3648.0,549.0,3931.0,1310.333333,1294.57728,2613.0,24.0,128,144,582.6656956,582.6656956,0,30,6.666666667,13.22875656,175.0,7.5,0.0,0.0,0.0,0.0,0.0,0.0,0.0,0.0
6,3233,2,2,0.0,0.0,0,0,0.0,0.0,0,0,0.0,0.0,0.0,1237.240953,1077.666667,1508.830452,2805.0,17.0,411.0,411.0,0.0,411.0,411.0,17.0,17.0,0.0,17.0,17.0,64,80,618.6204763,618.6204763,0,0,0.0,0.0,0.0,0.0,0.0,0.0,0.0,0.0,0.0,0.0,0.0,0.0
6,8579,4,4,30.0,30.0,30,0,7.5,15.0,30,0,7.5,15.0,6993.822124,932.5096165,1225.571429,1132.819912,2887.0,8.0,6014.0,2004.666667,1759.106686,4019.0,771.0,4468.0,1489.333333,1690.864375,3333.0,11.0,128,144,466.2548083,466.2548083,0,30,6.666666667,13.22875656,175.0,7.5,0.0,0.0,0.0,0.0,0.0,0.0,0.0,0.0
6,10498,4,4,30.0,30.0,30,0,7.5,15.0,30,0,7.5,15.0,5715.374357,762.0499143,1499.714286,1899.275714,4043.0,7.0,6532.0,2177.333333,3636.196548,6376.0,60.0,6359.0,2119.666667,2010.456747,4019.0,14.0,128,144,381.0249571,381.0249571,0,30,6.666666667,13.22875656,175.0,7.5,0.0,0.0,0.0,0.0,0.0,0.0,0.0,0.0
6,2782,2,2,0.0,0.0,0,0,0.0,0.0,0,0,0.0,0.0,0.0,1437.814522,927.3333333,1377.59803,2512.0,15.0,255.0,255.0,0.0,255.0,255.0,15.0,15.0,0.0,15.0,15.0,64,80,718.907261,718.907261,0,0,0.0,0.0,0.0,0.0,0.0,0.0,0.0,0.0,0.0,0.0,0.0,0.0
6,7428,4,4,30.0,30.0,30,0,7.5,15.0,30,0,7.5,15.0,8077.544426,1077.005924,1061.142857,1285.860597,2923.0,7.0,4632.0,1544.0,2135.799382,3989.0,42.0,4463.0,1487.666667,1736.52565,3399.0,7.0,128,144,538.5029618,538.5029618,0,30,6.666666667,13.22875656,175.0,7.5,0.0,0.0,0.0,0.0,0.0,0.0,0.0,0.0
6,7496,4,4,30.0,30.0,30,0,7.5,15.0,30,0,7.5,15.0,8004.268943,1067.235859,1070.857143,1305.728204,2845.0,9.0,4642.0,1547.333333,2396.389437,4314.0,121.0,4575.0,1525.0,1526.098293,3061.0,9.0,128,144,533.6179296,533.6179296,0,30,6.666666667,13.22875656,175.0,7.5,0.0,0.0,0.0,0.0,0.0,0.0,0.0,0.0
6,3609,2,2,0.0,0.0,0,0,0.0,0.0,0,0,0.0,0.0,0.0,1108.34026,1203.0,1993.040642,3504.0,17.0,88.0,88.0,0.0,88.0,88.0,17.0,17.0,0.0,17.0,17.0,64,80,554.1701302,554.1701302,0,0,0.0,0.0,0.0,0.0,0.0,0.0,0.0,0.0,0.0,0.0,0.0,0.0
6,9472,4,4,30.0,30.0,30,0,7.5,15.0,30,0,7.5,15.0,6334.459459,844.5945946,1353.142857,1838.245579,4226.0,11.0,5792.0,1930.666667,3139.898459,5556.0,77.0,5169.0,1723.0,1945.715293,3839.0,11.0,128,144,422.2972973,422.2972973,0,30,6.666666667,13.22875656,175.0,7.5,0.0,0.0,0.0,0.0,0.0,0.0,0.0,0.0
6,8182,4,4,30.0,30.0,30,0,7.5,15.0,30,0,7.5,15.0,7333.170374,977.7560499,1168.857143,1374.093207,3556.0,7.0,4617.0,1539.0,1846.96589,3653.0,238.0,4920.0,1640.0,1950.766772,3801.0,9.0,128,144,488.8780249,488.8780249,0,30,6.666666667,13.22875656,175.0,7.5,0.0,0.0,0.0,0.0,0.0,0.0,0.0,0.0
6,2235,2,2,0.0,0.0,0,0,0.0,0.0,0,0,0.0,0.0,0.0,1789.709172,745.0,1179.617311,2106.0,17.0,112.0,112.0,0.0,112.0,112.0,17.0,17.0,0.0,17.0,17.0,64,80,894.8545861,894.8545861,0,0,0.0,0.0,0.0,0.0,0.0,0.0,0.0,0.0,0.0,0.0,0.0,0.0
6,9891,4,4,30.0,30.0,30,0,7.5,15.0,30,0,7.5,15.0,6066.120716,808.8160954,1413.0,1394.430589,3117.0,6.0,7500.0,2500.0,2178.060835,4303.0,80.0,3915.0,1305.0,1235.879039,2469.0,8.0,128,144,404.4080477,404.4080477,0,30,6.666666667,13.22875656,175.0,7.5,0.0,0.0,0.0,0.0,0.0,0.0,0.0,0.0
6,9133,4,4,30.0,30.0,30,0,7.5,15.0,30,0,7.5,15.0,6569.582831,875.9443775,1304.714286,1581.862796,3781.0,8.0,5342.0,1780.666667,2608.330181,4791.0,193.0,5666.0,1888.666667,1994.682264,3982.0,10.0,128,144,437.9721888,437.9721888,0,30,6.666666667,13.22875656,175.0,7.5,0.0,0.0,0.0,0.0,0.0,0.0,0.0,0.0
6,4461,2,2,0.0,0.0,0,0,0.0,0.0,0,0,0.0,0.0,0.0,896.6599417,1487.0,2505.47261,4380.0,23.0,58.0,58.0,0.0,58.0,58.0,23.0,23.0,0.0,23.0,23.0,64,80,448.3299709,448.3299709,0,0,0.0,0.0,0.0,0.0,0.0,0.0,0.0,0.0,0.0,0.0,0.0,0.0
6,8756,4,4,30.0,30.0,30,0,7.5,15.0,30,0,7.5,15.0,6852.444038,913.6592051,1250.857143,1195.804949,3156.0,8.0,6200.0,2066.666667,1917.617358,4271.0,783.0,4454.0,1484.666667,1719.857068,3373.0,8.0,128,144,456.8296026,456.8296026,0,30,6.666666667,13.22875656,175.0,7.5,0.0,0.0,0.0,0.0,0.0,0.0,0.0,0.0
6,13849,4,4,30.0,30.0,30,0,7.5,15.0,30,0,7.5,15.0,4332.442776,577.6590368,1978.428571,2826.690636,7980.0,13.0,11020.0,3673.333333,4803.751173,9182.0,356.0,5513.0,1837.666667,2223.320115,4314.0,13.0,128,144,288.8295184,288.8295184,0,30,6.666666667,13.22875656,175.0,7.5,0.0,0.0,0.0,0.0,0.0,0.0,0.0,0.0
6,3997,2,2,0.0,0.0,0,0,0.0,0.0,0,0,0.0,0.0,0.0,1000.750563,1332.333333,1922.10024,3539.0,23.0,435.0,435.0,0.0,435.0,435.0,23.0,23.0,0.0,23.0,23.0,64,80,500.3752815,500.3752815,0,0,0.0,0.0,0.0,0.0,0.0,0.0,0.0,0.0,0.0,0.0,0.0,0.0
6,10235,4,4,30.0,30.0,30,0,7.5,15.0,30,0,7.5,15.0,5862.237421,781.6316561,1462.142857,1930.330665,4323.0,12.0,6093.0,2031.0,3006.120922,5490.0,50.0,5862.0,1954.0,2433.931593,4687.0,20.0,128,144,390.815828,390.815828,0,30,6.666666667,13.22875656,175.0,7.5,0.0,0.0,0.0,0.0,0.0,0.0,0.0,0.0
6,18954,4,4,30.0,30.0,30,0,7.5,15.0,30,0,7.5,15.0,3165.558721,422.0744961,2707.714286,4661.989193,12596.0,9.0,6345.0,2115.0,3307.473809,5934.0,177.0,14167.0,4722.333333,7059.320742,12839.0,13.0,128,144,211.0372481,211.0372481,0,30,6.666666667,13.22875656,175.0,7.5,0.0,0.0,0.0,0.0,0.0,0.0,0.0,0.0
6,6177,2,2,0.0,0.0,0,0,0.0,0.0,0,0,0.0,0.0,0.0,647.5635422,2059.0,3207.958697,5757.0,24.0,396.0,396.0,0.0,396.0,396.0,24.0,24.0,0.0,24.0,24.0,64,80,323.7817711,323.7817711,0,0,0.0,0.0,0.0,0.0,0.0,0.0,0.0,0.0,0.0,0.0,0.0,0.0
6,8262,4,4,30.0,30.0,30,0,7.5,15.0,30,0,7.5,15.0,7262.164125,968.28855,1180.285714,1334.069927,3230.0,10.0,5451.0,1817.0,2200.291799,4297.0,99.0,3977.0,1325.666667,1452.753363,2894.0,26.0,128,144,484.144275,484.144275,0,30,6.666666667,13.22875656,175.0,7.5,0.0,0.0,0.0,0.0,0.0,0.0,0.0,0.0
6,19555,4,4,30.0,30.0,30,0,7.5,15.0,30,0,7.5,15.0,3068.268985,409.1025313,2793.571429,5349.836784,14793.0,6.0,4749.0,1583.0,1560.905827,3301.0,252.0,16165.0,5388.333333,8385.778517,15051.0,13.0,128,144,204.5512657,204.5512657,0,30,6.666666667,13.22875656,175.0,7.5,0.0,0.0,0.0,0.0,0.0,0.0,0.0,0.0
6,10468,2,2,0.0,0.0,0,0,0.0,0.0,0,0,0.0,0.0,0.0,382.1169278,3489.333333,6022.920084,10444.0,7.0,7.0,7.0,0.0,7.0,7.0,17.0,17.0,0.0,17.0,17.0,64,80,191.0584639,191.0584639,0,0,0.0,0.0,0.0,0.0,0.0,0.0,0.0,0.0,0.0,0.0,0.0,0.0
6,11254,4,4,30.0,30.0,30,0,7.5,15.0,30,0,7.5,15.0,5331.437711,710.8583615,1607.714286,1763.963408,4820.0,28.0,8248.0,2749.333333,2889.415223,6003.0,483.0,5951.0,1983.666667,2474.356549,4766.0,30.0,128,144,355.4291807,355.4291807,0,30,6.666666667,13.22875656,175.0,7.5,0.0,0.0,0.0,0.0,0.0,0.0,0.0,0.0
6,12503,4,4,30.0,30.0,30,0,7.5,15.0,30,0,7.5,15.0,4798.848276,639.8464369,1786.142857,2681.144931,7432.0,10.0,5059.0,1686.333333,2173.948098,4186.0,237.0,9454.0,3151.333333,4319.83904,8078.0,12.0,128,144,319.9232184,319.9232184,0,30,6.666666667,13.22875656,175.0,7.5,0.0,0.0,0.0,0.0,0.0,0.0,0.0,0.0
6,5291,2,2,0.0,0.0,0,0,0.0,0.0,0,0,0.0,0.0,0.0,756.000756,1763.666667,2986.444765,5212.0,15.0,64.0,64.0,0.0,64.0,64.0,15.0,15.0,0.0,15.0,15.0,64,80,378.000378,378.000378,0,0,0.0,0.0,0.0,0.0,0.0,0.0,0.0,0.0,0.0,0.0,0.0,0.0
6,23679,4,4,30.0,30.0,30,0,7.5,15.0,30,0,7.5,15.0,2533.890789,337.8521052,3382.714286,5960.666454,16192.0,6.0,18263.0,6087.666667,9719.295465,17306.0,202.0,6732.0,2244.0,2977.26099,5623.0,6.0,128,144,168.9260526,168.9260526,0,30,6.666666667,13.22875656,175.0,7.5,0.0,0.0,0.0,0.0,0.0,0.0,0.0,0.0
6,9432,4,4,30.0,30.0,30,0,7.5,15.0,30,0,7.5,15.0,6361.323155,848.1764207,1347.428571,1850.430838,5113.0,16.0,7092.0,2364.0,3414.998097,6302.0,218.0,4101.0,1367.0,1448.774655,2903.0,25.0,128,144,424.0882103,424.0882103,0,30,6.666666667,13.22875656,175.0,7.5,0.0,0.0,0.0,0.0,0.0,0.0,0.0,0.0
6,3350,2,2,0.0,0.0,0,0,0.0,0.0,0,0,0.0,0.0,0.0,1194.029851,1116.666667,1784.377856,3176.0,29.0,145.0,145.0,0.0,145.0,145.0,29.0,29.0,0.0,29.0,29.0,64,80,597.0149254,597.0149254,0,0,0.0,0.0,0.0,0.0,0.0,0.0,0.0,0.0,0.0,0.0,0.0,0.0
6,10006,4,4,30.0,30.0,30,0,7.5,15.0,30,0,7.5,15.0,5996.402159,799.5202878,1429.428571,1604.099005,4272.0,9.0,7216.0,2405.333333,3134.731302,6021.0,450.0,4989.0,1663.0,1620.602049,3248.0,9.0,128,144,399.7601439,399.7601439,0,30,6.666666667,13.22875656,175.0,7.5,0.0,0.0,0.0,0.0,0.0,0.0,0.0,0.0
6,7226,4,4,30.0,30.0,30,0,7.5,15.0,30,0,7.5,15.0,8303.349017,1107.113202,1032.285714,1190.269957,2887.0,7.0,4331.0,1443.666667,1896.877786,3629.0,223.0,4309.0,1436.333333,1569.784805,3117.0,8.0,128,144,553.5566012,553.5566012,0,30,6.666666667,13.22875656,175.0,7.5,0.0,0.0,0.0,0.0,0.0,0.0,0.0,0.0
6,2768,2,2,0.0,0.0,0,0,0.0,0.0,0,0,0.0,0.0,0.0,1445.086705,922.6666667,1510.986543,2667.0,18.0,83.0,83.0,0.0,83.0,83.0,18.0,18.0,0.0,18.0,18.0,64,80,722.5433526,722.5433526,0,0,0.0,0.0,0.0,0.0,0.0,0.0,0.0,0.0,0.0,0.0,0.0,0.0
6,7785,4,4,30.0,30.0,30,0,7.5,15.0,30,0,7.5,15.0,7707.129094,1027.617213,1112.142857,1437.520948,3692.0,7.0,4086.0,1362.0,1980.587034,3647.0,137.0,5068.0,1689.333333,1960.953935,3843.0,7.0,128,144,513.8086063,513.8086063,0,30,6.666666667,13.22875656,175.0,7.5,0.0,0.0,0.0,0.0,0.0,0.0,0.0,0.0
6,7933,4,4,30.0,30.0,30,0,7.5,15.0,30,0,7.5,15.0,7563.342998,1008.445733,1133.285714,1279.33651,3119.0,8.0,4806.0,1602.0,1939.966752,3833.0,312.0,4573.0,1524.333333,1751.163137,3441.0,8.0,128,144,504.2228665,504.2228665,0,30,6.666666667,13.22875656,175.0,7.5,0.0,0.0,0.0,0.0,0.0,0.0,0.0,0.0
17,4993449,1,1,44.0,44.0,44,44,44.0,0.0,44,44,44.0,0.0,17.62308977,0.400524768,4993449.0,0.0,4993449.0,4993449.0,0.0,0.0,0.0,0.0,0.0,0.0,0.0,0.0,0.0,0.0,8,8,0.200262384,0.200262384,44,44,44.0,0.0,0.0,66.0,0.0,0.0,0.0,0.0,0.0,0.0,0.0,0.0
6,10085439,10,10,30.0,60.0,12,0,3.0,4.242640687,30,0,6.0,10.09950494,8.923756318,1.98305696,530812.5789,2292198.537,9996337.0,10.0,10100000.0,1120149.333,3329961.341,9999982.0,38.0,10100000.0,1117509.556,3331107.643,10000000.0,20.0,320,336,0.99152848,0.99152848,0,30,4.285714286,7.564012541,57.21428571,4.5,4095.0,0.0,4095.0,4095.0,9996337.0,0.0,9996337.0,9996337.0
6,92,1,1,0.0,0.0,0,0,0.0,0.0,0,0,0.0,0.0,0.0,21739.13043,92.0,0.0,92.0,92.0,0.0,0.0,0.0,0.0,0.0,0.0,0.0,0.0,0.0,0.0,32,32,10869.56522,10869.56522,0,0,0.0,0.0,0.0,0.0,0.0,0.0,0.0,0.0,0.0,0.0,0.0,0.0
